Year,"Country of Asylum","Country of Origin","Country of Asylum ISO","Country of Origin ISO","Procedure Type","Dec level","Dec pc","Dec recognized","dec other","dec rejected","dec closed","dec total"
2000,Thailand,Afghanistan,THA,AFG,U,FI,P,16,0,0,5,21
2000,Thailand,Cambodia,THA,KHM,U,AR,P,0,0,13,0,13
2000,Thailand,Cambodia,THA,KHM,U,FI,P,26,5,31,17,79
2000,Thailand,China,THA,CHN,U,AR,P,5,0,19,0,24
2000,Thailand,China,THA,CHN,U,FI,P,5,0,17,10,32
2000,Thailand,"Iran (Islamic Rep. of)",THA,IRN,U,AR,P,5,0,12,0,17
2000,Thailand,"Iran (Islamic Rep. of)",THA,IRN,U,FI,P,10,0,11,12,33
2000,Thailand,Iraq,THA,IRQ,U,AR,P,5,0,39,0,44
2000,Thailand,Iraq,THA,IRQ,U,FI,P,22,0,58,50,130
2000,Thailand,"Dem. People's Rep. of Korea",THA,PRK,U,FI,P,0,0,0,28,28
2000,Thailand,"Sri Lanka",THA,LKA,U,AR,P,0,0,5,0,5
2000,Thailand,"Sri Lanka",THA,LKA,U,FI,P,10,0,14,14,38
2000,Thailand,Myanmar,THA,MMR,U,AR,P,170,0,172,0,342
2000,Thailand,Myanmar,THA,MMR,U,FI,P,289,98,183,176,746
2000,Thailand,Somalia,THA,SOM,U,AR,P,0,0,5,0,5
2000,Thailand,Somalia,THA,SOM,U,FI,P,0,0,14,5,19
2000,Thailand,"Unknown ",THA,UNK,U,AR,P,5,0,30,0,35
2000,Thailand,"Unknown ",THA,UNK,U,FI,P,26,0,57,78,161
2001,Thailand,Afghanistan,THA,AFG,U,FA,P,15,0,5,5,25
2001,Thailand,Cambodia,THA,KHM,U,FA,P,28,0,57,5,90
2001,Thailand,China,THA,CHN,U,FA,P,26,0,31,5,62
2001,Thailand,"State of Palestine",THA,PSE,U,FA,P,5,0,0,0,5
2001,Thailand,"Iran (Islamic Rep. of)",THA,IRN,U,FA,P,5,0,32,18,55
2001,Thailand,Iraq,THA,IRQ,U,FA,P,29,0,49,28,106
2001,Thailand,"Dem. People's Rep. of Korea",THA,PRK,U,FA,P,0,0,0,62,62
2001,Thailand,"Sri Lanka",THA,LKA,U,FA,P,5,0,13,5,23
2001,Thailand,Myanmar,THA,MMR,U,FA,P,480,0,269,95,844
2001,Thailand,"Unknown ",THA,UNK,U,FA,P,55,0,76,68,199
2002,Thailand,Afghanistan,THA,AFG,U,FA,P,0,0,11,5,16
2002,Thailand,Cambodia,THA,KHM,U,FA,P,19,0,32,0,51
2002,Thailand,China,THA,CHN,U,FA,P,21,0,22,14,57
2002,Thailand,"State of Palestine",THA,PSE,U,FA,P,0,0,0,5,5
2002,Thailand,"Iran (Islamic Rep. of)",THA,IRN,U,FA,P,10,0,35,18,63
2002,Thailand,Iraq,THA,IRQ,U,FA,P,13,0,49,50,112
2002,Thailand,"Dem. People's Rep. of Korea",THA,PRK,U,FA,P,0,0,0,174,174
2002,Thailand,"Sri Lanka",THA,LKA,U,FA,P,10,0,31,22,63
2002,Thailand,Myanmar,THA,MMR,U,FA,P,455,0,465,300,1220
2002,Thailand,"Viet Nam",THA,VNM,U,FA,P,5,0,37,12,54
2002,Thailand,"Unknown ",THA,UNK,U,FA,P,24,0,261,228,513
2003,Thailand,Afghanistan,THA,AFG,U,FA,P,0,0,0,5,5
2003,Thailand,Algeria,THA,DZA,U,FA,P,0,0,5,0,5
2003,Thailand,Cambodia,THA,KHM,U,FA,P,24,0,5,5,34
2003,Thailand,China,THA,CHN,U,FA,P,0,0,18,18,36
2003,Thailand,Cameroon,THA,CMR,U,FA,P,5,0,0,14,19
2003,Thailand,Congo,THA,COG,U,FA,P,0,0,0,10,10
2003,Thailand,"Dem. Rep. of the Congo",THA,COD,U,FA,P,0,0,0,5,5
2003,Thailand,"State of Palestine",THA,PSE,U,FA,P,12,0,0,0,12
2003,Thailand,Germany,THA,DEU,U,FA,P,0,0,5,0,5
2003,Thailand,Guinea,THA,GIN,U,FA,P,0,0,0,5,5
2003,Thailand,"Cote d'Ivoire",THA,CIV,U,FA,P,0,0,0,10,10
2003,Thailand,India,THA,IND,U,FA,P,5,0,0,0,5
2003,Thailand,Indonesia,THA,IDN,U,FA,P,5,0,0,0,5
2003,Thailand,"Iran (Islamic Rep. of)",THA,IRN,U,FA,P,10,0,13,11,34
2003,Thailand,Iraq,THA,IRQ,U,FA,P,12,0,10,40,62
2003,Thailand,"Dem. People's Rep. of Korea",THA,PRK,U,FA,P,0,0,0,123,123
2003,Thailand,"Lao People's Dem. Rep.",THA,LAO,U,FA,P,5,0,0,44,49
2003,Thailand,Liberia,THA,LBR,U,FA,P,5,0,49,97,151
2003,Thailand,"Sri Lanka",THA,LKA,U,FA,P,5,0,11,70,86
2003,Thailand,Myanmar,THA,MMR,U,FA,P,657,0,161,758,1576
2003,Thailand,Nigeria,THA,NGA,U,FA,P,0,0,40,41,81
2003,Thailand,Pakistan,THA,PAK,U,FA,P,5,0,11,16,32
2003,Thailand,"Sierra Leone",THA,SLE,U,FA,P,0,0,10,18,28
2003,Thailand,Somalia,THA,SOM,U,FA,P,0,0,0,5,5
2003,Thailand,"Viet Nam",THA,VNM,U,FA,P,0,0,11,5,16
2003,Thailand,Stateless,THA,XXA,U,FA,P,0,0,0,5,5
2003,Thailand,Sudan,THA,SDN,U,FA,P,0,0,5,0,5
2004,Thailand,Cambodia,THA,KHM,U,FA,P,59,0,40,17,116
2004,Thailand,China,THA,CHN,U,FA,P,26,0,22,11,59
2004,Thailand,Cameroon,THA,CMR,U,FA,P,5,0,0,0,5
2004,Thailand,Congo,THA,COG,U,FA,P,5,0,0,25,30
2004,Thailand,"Dem. Rep. of the Congo",THA,COD,U,FA,P,25,0,0,0,25
2004,Thailand,"State of Palestine",THA,PSE,U,FA,P,0,0,0,5,5
2004,Thailand,Ghana,THA,GHA,U,FA,P,0,0,0,5,5
2004,Thailand,Guinea,THA,GIN,U,FA,P,0,0,5,0,5
2004,Thailand,"Cote d'Ivoire",THA,CIV,U,FA,P,13,0,0,0,13
2004,Thailand,India,THA,IND,U,FA,P,0,0,11,0,11
2004,Thailand,Indonesia,THA,IDN,U,FA,P,5,0,0,0,5
2004,Thailand,"Iran (Islamic Rep. of)",THA,IRN,U,FA,P,5,0,19,28,52
2004,Thailand,Iraq,THA,IRQ,U,FA,P,5,0,0,12,17
2004,Thailand,Kenya,THA,KEN,U,FA,P,0,0,0,5,5
2004,Thailand,"Dem. People's Rep. of Korea",THA,PRK,U,FA,P,0,0,0,58,58
2004,Thailand,Kuwait,THA,KWT,U,FA,P,0,0,0,5,5
2004,Thailand,"Lao People's Dem. Rep.",THA,LAO,U,FA,P,44,0,12,391,447
2004,Thailand,Liberia,THA,LBR,U,FA,P,13,0,5,42,60
2004,Thailand,"Sri Lanka",THA,LKA,U,FA,P,10,0,12,0,22
2004,Thailand,Myanmar,THA,MMR,U,FA,P,2695,0,486,394,3575
2004,Thailand,Nepal,THA,NPL,U,FA,P,5,0,10,16,31
2004,Thailand,Nigeria,THA,NGA,U,FA,P,0,0,12,54,66
2004,Thailand,Pakistan,THA,PAK,U,FA,P,0,0,11,10,21
2004,Thailand,Philippines,THA,PHL,U,FA,P,0,0,5,0,5
2004,Thailand,"Sierra Leone",THA,SLE,U,FA,P,0,0,0,16,16
2004,Thailand,Somalia,THA,SOM,U,FA,P,11,0,0,0,11
2004,Thailand,"Viet Nam",THA,VNM,U,FA,P,25,0,23,5,53
2004,Thailand,Sudan,THA,SDN,U,FA,P,5,0,0,0,5
2004,Thailand,Uganda,THA,UGA,U,FA,P,0,0,0,5,5
2005,Thailand,Egypt,THA,EGY,U,FI,P,0,0,5,0,5
2005,Thailand,Bangladesh,THA,BGD,U,FI,P,0,0,0,5,5
2005,Thailand,Cambodia,THA,KHM,U,AR,P,0,0,68,0,68
2005,Thailand,Cambodia,THA,KHM,U,FI,P,63,0,199,12,274
2005,Thailand,Cambodia,THA,KHM,U,RA,P,0,0,10,0,10
2005,Thailand,China,THA,CHN,U,AR,P,0,0,21,0,21
2005,Thailand,China,THA,CHN,U,FI,P,28,0,28,11,67
2005,Thailand,China,THA,CHN,U,RA,P,5,0,0,0,5
2005,Thailand,Cameroon,THA,CMR,U,FI,P,0,0,5,0,5
2005,Thailand,Congo,THA,COG,U,FI,P,0,0,0,5,5
2005,Thailand,"Dem. Rep. of the Congo",THA,COD,U,FI,P,13,0,13,5,31
2005,Thailand,"Dem. Rep. of the Congo",THA,COD,U,RA,P,0,0,0,5,5
2005,Thailand,Ethiopia,THA,ETH,U,FI,P,0,0,5,0,5
2005,Thailand,"State of Palestine",THA,PSE,U,FI,P,5,0,0,5,10
2005,Thailand,Guinea,THA,GIN,U,FI,P,0,0,0,5,5
2005,Thailand,"China, Hong Kong SAR",THA,HKG,U,FI,P,0,0,5,0,5
2005,Thailand,"Cote d'Ivoire",THA,CIV,U,AR,P,5,0,0,0,5
2005,Thailand,"Cote d'Ivoire",THA,CIV,U,FI,P,5,0,5,0,10
2005,Thailand,India,THA,IND,U,FI,P,5,0,5,10,20
2005,Thailand,Indonesia,THA,IDN,U,FI,P,13,0,0,0,13
2005,Thailand,"Iran (Islamic Rep. of)",THA,IRN,U,AR,P,5,0,13,0,18
2005,Thailand,"Iran (Islamic Rep. of)",THA,IRN,U,FI,P,10,0,18,5,33
2005,Thailand,"Iran (Islamic Rep. of)",THA,IRN,U,RA,P,0,0,5,0,5
2005,Thailand,Iraq,THA,IRQ,U,FI,P,0,0,0,115,115
2005,Thailand,Kenya,THA,KEN,U,FI,P,0,0,5,0,5
2005,Thailand,"Dem. People's Rep. of Korea",THA,PRK,U,FI,P,0,0,0,15,15
2005,Thailand,"Lao People's Dem. Rep.",THA,LAO,U,AR,P,5,0,5,0,10
2005,Thailand,"Lao People's Dem. Rep.",THA,LAO,U,FI,P,136,0,23,60,219
2005,Thailand,"Lao People's Dem. Rep.",THA,LAO,U,RA,P,0,0,0,5,5
2005,Thailand,Liberia,THA,LBR,U,FI,P,5,0,0,27,32
2005,Thailand,"Sri Lanka",THA,LKA,U,AR,P,0,0,5,0,5
2005,Thailand,"Sri Lanka",THA,LKA,U,FI,P,14,0,16,17,47
2005,Thailand,Myanmar,THA,MMR,G,FI,P,0,14619,17,0,14636
2005,Thailand,Myanmar,THA,MMR,U,AR,P,5,0,22,0,27
2005,Thailand,Myanmar,THA,MMR,U,FI,P,309,0,38,109,456
2005,Thailand,Myanmar,THA,MMR,U,RA,P,33,0,31,0,64
2005,Thailand,Nepal,THA,NPL,U,AR,P,5,0,5,0,10
2005,Thailand,Nepal,THA,NPL,U,FI,P,37,0,22,18,77
2005,Thailand,Nigeria,THA,NGA,U,AR,P,0,0,5,0,5
2005,Thailand,Nigeria,THA,NGA,U,FI,P,0,0,14,15,29
2005,Thailand,Pakistan,THA,PAK,U,AR,P,0,0,5,0,5
2005,Thailand,Pakistan,THA,PAK,U,FI,P,0,0,5,5,10
2005,Thailand,"Sierra Leone",THA,SLE,U,FI,P,0,0,5,11,16
2005,Thailand,Somalia,THA,SOM,U,FI,P,13,0,0,5,18
2005,Thailand,"Viet Nam",THA,VNM,U,AR,P,0,0,29,0,29
2005,Thailand,"Viet Nam",THA,VNM,U,FI,P,13,0,44,25,82
2005,Thailand,"Viet Nam",THA,VNM,U,RA,P,0,0,0,5,5
2005,Thailand,Sudan,THA,SDN,U,FI,P,0,0,5,5,10
2005,Thailand,Uganda,THA,UGA,U,FI,P,0,0,0,5,5
2005,Thailand,Zimbabwe,THA,ZWE,U,FI,P,0,0,0,5,5
2006,Thailand,Bangladesh,THA,BGD,U,FI,P,5,0,0,0,5
2006,Thailand,Cambodia,THA,KHM,U,AR,P,0,0,93,16,109
2006,Thailand,Cambodia,THA,KHM,U,FI,P,37,0,84,5,126
2006,Thailand,Cambodia,THA,KHM,U,RA,P,0,0,0,5,5
2006,Thailand,China,THA,CHN,U,AR,P,5,0,12,5,22
2006,Thailand,China,THA,CHN,U,FI,P,53,0,10,11,74
2006,Thailand,China,THA,CHN,U,RA,P,0,0,5,0,5
2006,Thailand,"Dem. Rep. of the Congo",THA,COD,U,AR,P,0,0,10,0,10
2006,Thailand,"Dem. Rep. of the Congo",THA,COD,U,FI,P,12,0,21,5,38
2006,Thailand,Ghana,THA,GHA,U,FI,P,0,0,0,5,5
2006,Thailand,"Cote d'Ivoire",THA,CIV,U,FI,P,5,0,5,0,10
2006,Thailand,India,THA,IND,U,AR,P,0,0,5,0,5
2006,Thailand,India,THA,IND,U,FI,P,0,0,5,5,10
2006,Thailand,"Iran (Islamic Rep. of)",THA,IRN,U,AR,P,0,0,0,5,5
2006,Thailand,"Iran (Islamic Rep. of)",THA,IRN,U,FI,P,0,0,10,0,10
2006,Thailand,Iraq,THA,IRQ,U,FI,P,5,0,0,0,5
2006,Thailand,"Lao People's Dem. Rep.",THA,LAO,U,AR,P,12,0,0,0,12
2006,Thailand,"Lao People's Dem. Rep.",THA,LAO,U,FI,P,213,0,0,5,218
2006,Thailand,Liberia,THA,LBR,U,FI,P,0,0,0,5,5
2006,Thailand,"Sri Lanka",THA,LKA,U,AR,P,5,0,18,0,23
2006,Thailand,"Sri Lanka",THA,LKA,U,FI,P,40,0,24,11,75
2006,Thailand,"Sri Lanka",THA,LKA,U,RA,P,0,0,5,0,5
2006,Thailand,Myanmar,THA,MMR,G,FA,P,0,15762,129,1438,17329
2006,Thailand,Myanmar,THA,MMR,U,AR,P,5,0,0,0,5
2006,Thailand,Myanmar,THA,MMR,U,FI,P,14,0,0,0,14
2006,Thailand,Nepal,THA,NPL,U,AR,P,5,0,13,0,18
2006,Thailand,Nepal,THA,NPL,U,FI,P,34,0,29,15,78
2006,Thailand,Nigeria,THA,NGA,U,AR,P,0,0,0,5,5
2006,Thailand,Nigeria,THA,NGA,U,FI,P,0,0,20,5,25
2006,Thailand,Pakistan,THA,PAK,U,FI,P,0,0,5,0,5
2006,Thailand,"Sierra Leone",THA,SLE,U,AR,P,0,0,5,0,5
2006,Thailand,"Sierra Leone",THA,SLE,U,FI,P,0,0,5,0,5
2006,Thailand,Somalia,THA,SOM,U,AR,P,5,0,0,0,5
2006,Thailand,Somalia,THA,SOM,U,FI,P,5,0,0,0,5
2006,Thailand,"Viet Nam",THA,VNM,U,AR,P,14,0,23,5,42
2006,Thailand,"Viet Nam",THA,VNM,U,FI,P,70,0,23,10,103
2006,Thailand,Sudan,THA,SDN,U,FI,P,0,0,5,0,5
2006,Thailand,Uganda,THA,UGA,U,FI,P,0,0,5,0,5
2007,Thailand,Cambodia,THA,KHM,U,AR,P,5,0,30,5,40
2007,Thailand,Cambodia,THA,KHM,U,FI,P,25,0,37,17,79
2007,Thailand,Cambodia,THA,KHM,U,RA,P,0,0,5,43,48
2007,Thailand,China,THA,CHN,U,AR,P,5,0,0,0,5
2007,Thailand,China,THA,CHN,U,FI,P,92,0,15,5,112
2007,Thailand,China,THA,CHN,U,RA,P,5,0,0,21,26
2007,Thailand,Cameroon,THA,CMR,U,AR,P,0,0,5,0,5
2007,Thailand,Cameroon,THA,CMR,U,FI,P,0,0,5,0,5
2007,Thailand,"Dem. Rep. of the Congo",THA,COD,U,AR,P,0,0,10,14,24
2007,Thailand,"Dem. Rep. of the Congo",THA,COD,U,FI,P,13,0,10,5,28
2007,Thailand,"Dem. Rep. of the Congo",THA,COD,U,RA,P,0,0,0,5,5
2007,Thailand,Ethiopia,THA,ETH,U,FI,P,0,0,5,0,5
2007,Thailand,"State of Palestine",THA,PSE,U,FI,P,39,0,0,13,52
2007,Thailand,"Cote d'Ivoire",THA,CIV,U,AR,P,5,0,0,0,5
2007,Thailand,"Cote d'Ivoire",THA,CIV,U,FI,P,5,0,0,0,5
2007,Thailand,India,THA,IND,U,FI,P,0,0,5,0,5
2007,Thailand,"Iran (Islamic Rep. of)",THA,IRN,U,AR,P,0,0,0,5,5
2007,Thailand,"Iran (Islamic Rep. of)",THA,IRN,U,FI,P,5,0,0,15,20
2007,Thailand,Iraq,THA,IRQ,U,FI,P,33,0,0,5,38
2007,Thailand,Iraq,THA,IRQ,U,RA,P,5,0,0,0,5
2007,Thailand,"Lao People's Dem. Rep.",THA,LAO,U,FI,P,66,0,0,5,71
2007,Thailand,"Sri Lanka",THA,LKA,U,AR,P,11,0,0,0,11
2007,Thailand,"Sri Lanka",THA,LKA,U,FI,P,146,0,5,27,178
2007,Thailand,"Sri Lanka",THA,LKA,U,RA,P,0,0,0,10,10
2007,Thailand,Myanmar,THA,MMR,G,FA,P,0,2657,0,2673,5330
2007,Thailand,Myanmar,THA,MMR,U,FI,P,5,0,0,0,5
2007,Thailand,Nepal,THA,NPL,U,AR,P,0,0,17,5,22
2007,Thailand,Nepal,THA,NPL,U,FI,P,14,0,18,11,43
2007,Thailand,Nigeria,THA,NGA,U,AR,P,0,0,5,5,10
2007,Thailand,Nigeria,THA,NGA,U,FI,P,0,0,5,0,5
2007,Thailand,Pakistan,THA,PAK,U,FI,P,0,0,0,5,5
2007,Thailand,Somalia,THA,SOM,U,FI,P,25,0,0,0,25
2007,Thailand,"Viet Nam",THA,VNM,U,AR,P,0,0,22,0,22
2007,Thailand,"Viet Nam",THA,VNM,U,FI,P,10,0,21,5,36
2007,Thailand,"Viet Nam",THA,VNM,U,RA,P,0,0,10,55,65
2007,Thailand,Zimbabwe,THA,ZWE,U,FI,P,5,0,0,0,5
2008,Thailand,Burundi,THA,BDI,U,FI,P,5,0,0,0,5
2008,Thailand,Bangladesh,THA,BGD,U,FI,P,0,0,5,0,5
2008,Thailand,Cambodia,THA,KHM,U,AR,P,0,0,10,0,10
2008,Thailand,Cambodia,THA,KHM,U,FI,P,26,0,24,24,74
2008,Thailand,Cambodia,THA,KHM,U,RA,P,0,0,0,22,22
2008,Thailand,China,THA,CHN,U,AR,P,5,0,30,0,35
2008,Thailand,China,THA,CHN,U,FI,P,36,0,47,5,88
2008,Thailand,China,THA,CHN,U,RA,P,10,0,5,11,26
2008,Thailand,Cameroon,THA,CMR,U,FI,P,0,0,0,5,5
2008,Thailand,"Dem. Rep. of the Congo",THA,COD,U,AR,P,5,0,0,0,5
2008,Thailand,"Dem. Rep. of the Congo",THA,COD,U,FI,P,5,0,14,5,24
2008,Thailand,Ethiopia,THA,ETH,U,AR,P,0,0,5,0,5
2008,Thailand,Ethiopia,THA,ETH,U,FI,P,0,0,0,10,10
2008,Thailand,"State of Palestine",THA,PSE,U,FI,P,5,0,0,0,5
2008,Thailand,Guinea,THA,GIN,U,FI,P,0,0,0,5,5
2008,Thailand,"Cote d'Ivoire",THA,CIV,U,FI,P,0,0,11,5,16
2008,Thailand,India,THA,IND,U,FI,P,0,0,5,0,5
2008,Thailand,"Iran (Islamic Rep. of)",THA,IRN,U,AR,P,0,0,5,0,5
2008,Thailand,"Iran (Islamic Rep. of)",THA,IRN,U,FI,P,0,0,12,5,17
2008,Thailand,"Iran (Islamic Rep. of)",THA,IRN,U,RA,P,0,0,5,0,5
2008,Thailand,Iraq,THA,IRQ,U,AR,P,5,0,0,0,5
2008,Thailand,Iraq,THA,IRQ,U,FI,P,46,0,0,39,85
2008,Thailand,Iraq,THA,IRQ,U,RA,P,5,0,0,0,5
2008,Thailand,Kuwait,THA,KWT,U,FI,P,0,0,0,5,5
2008,Thailand,"Lao People's Dem. Rep.",THA,LAO,U,FI,P,15,0,0,0,15
2008,Thailand,"Sri Lanka",THA,LKA,U,AR,P,5,0,39,5,49
2008,Thailand,"Sri Lanka",THA,LKA,U,FI,P,215,0,91,29,335
2008,Thailand,"Sri Lanka",THA,LKA,U,RA,P,5,0,10,18,33
2008,Thailand,Myanmar,THA,MMR,G,FA,P,755,0,150,40,945
2008,Thailand,Myanmar,THA,MMR,U,FI,P,5,0,0,0,5
2008,Thailand,Nepal,THA,NPL,U,AR,P,0,0,12,0,12
2008,Thailand,Nepal,THA,NPL,U,FI,P,0,0,5,13,18
2008,Thailand,Nigeria,THA,NGA,U,FI,P,0,0,0,5,5
2008,Thailand,Pakistan,THA,PAK,U,AR,P,0,0,5,0,5
2008,Thailand,Pakistan,THA,PAK,U,FI,P,12,0,0,5,17
2008,Thailand,Pakistan,THA,PAK,U,RA,P,0,0,0,5,5
2008,Thailand,Rwanda,THA,RWA,U,FI,P,0,0,0,5,5
2008,Thailand,"Sierra Leone",THA,SLE,U,FI,P,0,0,5,0,5
2008,Thailand,Somalia,THA,SOM,U,AR,P,0,0,0,12,12
2008,Thailand,Somalia,THA,SOM,U,FI,P,113,0,0,18,131
2008,Thailand,"Viet Nam",THA,VNM,U,AR,P,0,0,11,0,11
2008,Thailand,"Viet Nam",THA,VNM,U,FI,P,0,0,18,12,30
2008,Thailand,"Viet Nam",THA,VNM,U,RA,P,0,0,5,0,5
2008,Thailand,Sudan,THA,SDN,U,FI,P,0,0,0,5,5
2009,Thailand,Afghanistan,THA,AFG,U,FI,P,0,0,0,5,5
2009,Thailand,Bangladesh,THA,BGD,U,AR,P,0,0,5,0,5
2009,Thailand,Bangladesh,THA,BGD,U,FI,P,0,0,0,5,5
2009,Thailand,Cambodia,THA,KHM,U,AR,P,5,0,5,0,10
2009,Thailand,Cambodia,THA,KHM,U,FI,P,20,0,5,16,41
2009,Thailand,Cambodia,THA,KHM,U,RA,P,0,0,0,13,13
2009,Thailand,China,THA,CHN,U,AR,P,5,0,15,0,20
2009,Thailand,China,THA,CHN,U,FI,P,19,0,19,25,63
2009,Thailand,China,THA,CHN,U,RA,P,0,0,14,5,19
2009,Thailand,Cameroon,THA,CMR,U,FI,P,0,0,0,10,10
2009,Thailand,"Dem. Rep. of the Congo",THA,COD,U,AR,P,5,0,5,0,10
2009,Thailand,"Dem. Rep. of the Congo",THA,COD,U,FI,P,5,0,16,21,42
2009,Thailand,"State of Palestine",THA,PSE,U,FI,P,15,0,0,0,15
2009,Thailand,Guinea,THA,GIN,U,FI,P,0,0,5,0,5
2009,Thailand,"Cote d'Ivoire",THA,CIV,U,AR,P,0,0,5,0,5
2009,Thailand,"Cote d'Ivoire",THA,CIV,U,FI,P,0,0,0,11,11
2009,Thailand,India,THA,IND,U,AR,P,0,0,5,0,5
2009,Thailand,India,THA,IND,U,FI,P,0,0,5,5,10
2009,Thailand,"Iran (Islamic Rep. of)",THA,IRN,U,AR,P,0,0,5,0,5
2009,Thailand,"Iran (Islamic Rep. of)",THA,IRN,U,FI,P,0,0,5,16,21
2009,Thailand,Iraq,THA,IRQ,U,AR,P,0,0,5,0,5
2009,Thailand,Iraq,THA,IRQ,U,FI,P,43,0,5,16,64
2009,Thailand,Iraq,THA,IRQ,U,RA,P,5,0,5,0,10
2009,Thailand,Kuwait,THA,KWT,U,RA,P,0,0,0,5,5
2009,Thailand,"Lao People's Dem. Rep.",THA,LAO,U,FI,P,13,0,0,5,18
2009,Thailand,Liberia,THA,LBR,U,FI,P,5,0,0,0,5
2009,Thailand,"Sri Lanka",THA,LKA,U,AR,P,72,0,5,5,82
2009,Thailand,"Sri Lanka",THA,LKA,U,FI,P,149,0,29,109,287
2009,Thailand,"Sri Lanka",THA,LKA,U,RA,P,10,0,0,10,20
2009,Thailand,Myanmar,THA,MMR,G,FA,P,6809,0,1128,0,7937
2009,Thailand,Nepal,THA,NPL,U,FI,P,0,0,0,10,10
2009,Thailand,Pakistan,THA,PAK,U,FI,P,17,0,31,38,86
2009,Thailand,"Sierra Leone",THA,SLE,U,FI,P,0,0,5,5,10
2009,Thailand,Somalia,THA,SOM,U,AR,P,19,0,0,0,19
2009,Thailand,Somalia,THA,SOM,U,FI,P,37,0,0,5,42
2009,Thailand,"Viet Nam",THA,VNM,U,AR,P,0,0,10,12,22
2009,Thailand,"Viet Nam",THA,VNM,U,FI,P,18,0,129,75,222
2009,Thailand,"Viet Nam",THA,VNM,U,RA,P,0,0,5,5,10
2009,Thailand,"Syrian Arab Rep.",THA,SYR,U,FI,P,0,0,0,5,5
2010,Thailand,Afghanistan,THA,AFG,U,FI,P,0,0,0,5,5
2010,Thailand,Algeria,THA,DZA,U,FI,P,0,0,5,0,5
2010,Thailand,Cambodia,THA,KHM,U,FI,P,5,0,5,25,35
2010,Thailand,Cambodia,THA,KHM,U,RA,P,0,0,19,23,42
2010,Thailand,China,THA,CHN,U,AR,P,0,0,5,0,5
2010,Thailand,China,THA,CHN,U,FI,P,10,0,5,22,37
2010,Thailand,China,THA,CHN,U,RA,P,5,0,5,19,29
2010,Thailand,Cameroon,THA,CMR,U,FI,P,0,0,0,5,5
2010,Thailand,"Dem. Rep. of the Congo",THA,COD,U,AR,P,0,0,0,5,5
2010,Thailand,"Dem. Rep. of the Congo",THA,COD,U,FI,P,0,0,19,19,38
2010,Thailand,"Dem. Rep. of the Congo",THA,COD,U,RA,P,0,0,0,5,5
2010,Thailand,Ethiopia,THA,ETH,U,FI,P,0,0,0,5,5
2010,Thailand,"State of Palestine",THA,PSE,U,FI,P,0,0,0,5,5
2010,Thailand,Guinea,THA,GIN,U,FI,P,0,0,16,11,27
2010,Thailand,"Cote d'Ivoire",THA,CIV,U,FI,P,5,0,0,5,10
2010,Thailand,India,THA,IND,U,RA,P,0,0,0,5,5
2010,Thailand,"Iran (Islamic Rep. of)",THA,IRN,U,AR,P,5,0,0,0,5
2010,Thailand,"Iran (Islamic Rep. of)",THA,IRN,U,FI,P,5,0,5,27,37
2010,Thailand,"Iran (Islamic Rep. of)",THA,IRN,U,RA,P,0,0,0,5,5
2010,Thailand,Iraq,THA,IRQ,U,FI,P,14,0,0,10,24
2010,Thailand,Iraq,THA,IRQ,U,RA,P,0,0,0,5,5
2010,Thailand,Kuwait,THA,KWT,U,FI,P,0,0,5,5,10
2010,Thailand,"Lao People's Dem. Rep.",THA,LAO,U,FI,P,116,0,0,5,121
2010,Thailand,Liberia,THA,LBR,U,FI,P,0,0,0,5,5
2010,Thailand,"Sri Lanka",THA,LKA,U,AR,P,5,0,10,32,47
2010,Thailand,"Sri Lanka",THA,LKA,U,FI,P,58,0,134,384,576
2010,Thailand,"Sri Lanka",THA,LKA,U,RA,P,0,0,13,17,30
2010,Thailand,Myanmar,THA,MMR,G,FA,P,5,0,0,0,5
2010,Thailand,Nepal,THA,NPL,U,FI,P,0,0,0,11,11
2010,Thailand,Nigeria,THA,NGA,U,FI,P,0,0,5,0,5
2010,Thailand,Pakistan,THA,PAK,U,AR,P,0,0,0,14,14
2010,Thailand,Pakistan,THA,PAK,U,FI,P,34,0,42,126,202
2010,Thailand,Pakistan,THA,PAK,U,RA,P,0,0,0,10,10
2010,Thailand,"Sierra Leone",THA,SLE,U,FI,P,0,0,5,13,18
2010,Thailand,Somalia,THA,SOM,U,AR,P,44,0,0,23,67
2010,Thailand,Somalia,THA,SOM,U,FI,P,17,0,0,0,17
2010,Thailand,"Viet Nam",THA,VNM,U,AR,P,0,0,18,25,43
2010,Thailand,"Viet Nam",THA,VNM,U,FI,P,5,0,27,81,113
2010,Thailand,"Viet Nam",THA,VNM,U,RA,P,0,0,12,24,36
2010,Thailand,Sudan,THA,SDN,U,FI,P,0,0,0,5,5
2011,Thailand,Egypt,THA,EGY,U,FI,P,5,0,0,0,5
2011,Thailand,Bangladesh,THA,BGD,U,FI,P,5,0,5,0,10
2011,Thailand,Cambodia,THA,KHM,U,FI,P,21,0,0,0,21
2011,Thailand,China,THA,CHN,U,AR,P,5,0,0,0,5
2011,Thailand,China,THA,CHN,U,FI,P,25,0,5,15,45
2011,Thailand,China,THA,CHN,U,RA,P,14,0,0,5,19
2011,Thailand,Cameroon,THA,CMR,U,FI,P,0,0,0,5,5
2011,Thailand,"Dem. Rep. of the Congo",THA,COD,U,AR,P,0,0,5,10,15
2011,Thailand,"Dem. Rep. of the Congo",THA,COD,U,FI,P,0,0,31,25,56
2011,Thailand,Djibouti,THA,DJI,U,FI,P,0,0,0,5,5
2011,Thailand,"State of Palestine",THA,PSE,U,FI,P,5,0,0,0,5
2011,Thailand,Guinea,THA,GIN,U,AR,P,0,0,0,5,5
2011,Thailand,Guinea,THA,GIN,U,FI,P,0,0,5,16,21
2011,Thailand,"Cote d'Ivoire",THA,CIV,U,FI,P,0,0,0,5,5
2011,Thailand,India,THA,IND,U,FI,P,0,0,0,5,5
2011,Thailand,"Iran (Islamic Rep. of)",THA,IRN,U,FI,P,0,0,5,20,25
2011,Thailand,Iraq,THA,IRQ,U,FI,P,11,0,5,10,26
2011,Thailand,Iraq,THA,IRQ,U,RA,P,0,0,0,5,5
2011,Thailand,"Lao People's Dem. Rep.",THA,LAO,U,FI,P,5,0,0,0,5
2011,Thailand,Liberia,THA,LBR,U,FI,P,0,0,10,10,20
2011,Thailand,"Sri Lanka",THA,LKA,U,AR,P,0,0,11,25,36
2011,Thailand,"Sri Lanka",THA,LKA,U,FI,P,39,0,100,230,369
2011,Thailand,"Sri Lanka",THA,LKA,U,RA,P,0,0,5,19,24
2011,Thailand,Myanmar,THA,MMR,G,FA,P,0,0,0,8461,8461
2011,Thailand,Nepal,THA,NPL,U,FI,P,5,0,0,0,5
2011,Thailand,Nigeria,THA,NGA,U,FI,P,0,0,0,5,5
2011,Thailand,Pakistan,THA,PAK,U,AR,P,5,0,0,12,17
2011,Thailand,Pakistan,THA,PAK,U,FI,P,282,0,21,90,393
2011,Thailand,Pakistan,THA,PAK,U,RA,P,5,0,0,5,10
2011,Thailand,Somalia,THA,SOM,U,FI,P,37,0,5,10,52
2011,Thailand,"Viet Nam",THA,VNM,U,AR,P,0,0,10,12,22
2011,Thailand,"Viet Nam",THA,VNM,U,FI,P,67,0,12,5,84
2011,Thailand,"Viet Nam",THA,VNM,U,RA,P,0,0,0,28,28
2011,Thailand,Sudan,THA,SDN,U,FI,P,0,0,0,5,5
2011,Thailand,Uganda,THA,UGA,U,FI,P,0,0,5,5,10
2012,Thailand,Afghanistan,THA,AFG,U,FI,P,0,0,5,0,5
2012,Thailand,Egypt,THA,EGY,U,FI,P,11,0,0,0,11
2012,Thailand,Burundi,THA,BDI,U,FI,P,0,0,5,0,5
2012,Thailand,Bangladesh,THA,BGD,U,AR,P,0,0,10,0,10
2012,Thailand,Bangladesh,THA,BGD,U,FI,P,0,0,5,5,10
2012,Thailand,Cambodia,THA,KHM,U,AR,P,0,0,13,0,13
2012,Thailand,Cambodia,THA,KHM,U,FI,P,32,0,15,5,52
2012,Thailand,Cambodia,THA,KHM,U,RA,P,10,0,17,0,27
2012,Thailand,China,THA,CHN,U,AR,P,10,0,15,0,25
2012,Thailand,China,THA,CHN,U,FI,P,46,0,38,15,99
2012,Thailand,China,THA,CHN,U,RA,P,14,0,5,0,19
2012,Thailand,Cameroon,THA,CMR,U,AR,P,0,0,5,0,5
2012,Thailand,Cameroon,THA,CMR,U,FI,P,0,0,5,13,18
2012,Thailand,"Dem. Rep. of the Congo",THA,COD,U,AR,P,10,0,30,0,40
2012,Thailand,"Dem. Rep. of the Congo",THA,COD,U,FI,P,0,0,26,26,52
2012,Thailand,"Dem. Rep. of the Congo",THA,COD,U,RA,P,0,0,14,0,14
2012,Thailand,Ethiopia,THA,ETH,U,FI,P,0,0,5,5,10
2012,Thailand,"State of Palestine",THA,PSE,U,FI,P,40,0,0,5,45
2012,Thailand,Ghana,THA,GHA,U,FI,P,0,0,5,0,5
2012,Thailand,Guinea,THA,GIN,U,AR,P,0,0,12,0,12
2012,Thailand,Guinea,THA,GIN,U,FI,P,0,0,12,5,17
2012,Thailand,"Cote d'Ivoire",THA,CIV,U,AR,P,0,0,5,0,5
2012,Thailand,"Cote d'Ivoire",THA,CIV,U,FI,P,0,0,11,0,11
2012,Thailand,India,THA,IND,U,FI,P,0,0,5,0,5
2012,Thailand,"Iran (Islamic Rep. of)",THA,IRN,U,AR,P,0,0,12,0,12
2012,Thailand,"Iran (Islamic Rep. of)",THA,IRN,U,FI,P,11,0,36,15,62
2012,Thailand,"Iran (Islamic Rep. of)",THA,IRN,U,RA,P,5,0,0,0,5
2012,Thailand,Iraq,THA,IRQ,U,AR,P,0,0,5,0,5
2012,Thailand,Iraq,THA,IRQ,U,FI,P,17,0,0,10,27
2012,Thailand,Iraq,THA,IRQ,U,RA,P,0,0,0,5,5
2012,Thailand,Kuwait,THA,KWT,U,AR,P,0,0,0,5,5
2012,Thailand,Kuwait,THA,KWT,U,FI,P,5,0,0,0,5
2012,Thailand,"Lao People's Dem. Rep.",THA,LAO,U,AR,P,0,0,5,0,5
2012,Thailand,"Lao People's Dem. Rep.",THA,LAO,U,FI,P,0,0,5,5,10
2012,Thailand,Liberia,THA,LBR,U,AR,P,0,0,5,0,5
2012,Thailand,Liberia,THA,LBR,U,FI,P,0,0,11,0,11
2012,Thailand,"Sri Lanka",THA,LKA,U,AR,P,27,0,98,12,137
2012,Thailand,"Sri Lanka",THA,LKA,U,FI,P,21,0,28,16,65
2012,Thailand,"Sri Lanka",THA,LKA,U,RA,P,0,0,24,5,29
2012,Thailand,Myanmar,THA,MMR,G,FA,P,0,0,0,67,67
2012,Thailand,Nepal,THA,NPL,U,AR,P,0,0,5,0,5
2012,Thailand,Nepal,THA,NPL,U,FI,P,0,0,10,5,15
2012,Thailand,Pakistan,THA,PAK,U,AR,P,23,0,5,0,28
2012,Thailand,Pakistan,THA,PAK,U,FI,P,112,0,10,24,146
2012,Thailand,Pakistan,THA,PAK,U,RA,P,0,0,5,0,5
2012,Thailand,"Sierra Leone",THA,SLE,U,AR,P,0,0,5,0,5
2012,Thailand,"Sierra Leone",THA,SLE,U,FI,P,0,0,5,0,5
2012,Thailand,Somalia,THA,SOM,U,AR,P,0,0,5,0,5
2012,Thailand,Somalia,THA,SOM,U,FI,P,47,0,5,10,62
2012,Thailand,"Viet Nam",THA,VNM,U,AR,P,0,0,181,0,181
2012,Thailand,"Viet Nam",THA,VNM,U,FI,P,40,0,251,33,324
2012,Thailand,"Viet Nam",THA,VNM,U,RA,P,0,0,30,24,54
2012,Thailand,Stateless,THA,XXA,U,AR,P,5,0,0,0,5
2012,Thailand,Sudan,THA,SDN,U,FI,P,10,0,0,0,10
2012,Thailand,"Syrian Arab Rep.",THA,SYR,U,FI,P,11,0,0,26,37
2012,Thailand,Yemen,THA,YEM,U,FI,P,5,0,0,0,5
2013,Thailand,Afghanistan,THA,AFG,U,FI,P,10,0,0,0,10
2013,Thailand,Egypt,THA,EGY,U,FI,P,0,0,0,5,5
2013,Thailand,Cambodia,THA,KHM,U,AR,P,13,0,0,0,13
2013,Thailand,Cambodia,THA,KHM,U,FI,P,27,0,0,10,37
2013,Thailand,Cambodia,THA,KHM,U,RA,P,5,0,0,0,5
2013,Thailand,China,THA,CHN,U,AR,P,5,0,5,0,10
2013,Thailand,China,THA,CHN,U,FI,P,32,0,0,5,37
2013,Thailand,China,THA,CHN,U,RA,P,5,0,0,0,5
2013,Thailand,Cameroon,THA,CMR,U,FI,P,0,0,5,5,10
2013,Thailand,"Dem. Rep. of the Congo",THA,COD,U,AR,P,10,0,11,0,21
2013,Thailand,"Dem. Rep. of the Congo",THA,COD,U,FI,P,5,0,0,0,5
2013,Thailand,"State of Palestine",THA,PSE,U,FI,P,97,0,0,21,118
2013,Thailand,Guinea,THA,GIN,U,FI,P,5,0,0,0,5
2013,Thailand,"Cote d'Ivoire",THA,CIV,U,FI,P,5,0,0,5,10
2013,Thailand,India,THA,IND,U,FI,P,0,0,0,5,5
2013,Thailand,"Iran (Islamic Rep. of)",THA,IRN,U,AR,P,13,0,0,0,13
2013,Thailand,"Iran (Islamic Rep. of)",THA,IRN,U,FI,P,5,0,0,25,30
2013,Thailand,Iraq,THA,IRQ,U,FI,P,5,0,0,0,5
2013,Thailand,"Sri Lanka",THA,LKA,U,AR,P,15,0,0,0,15
2013,Thailand,"Sri Lanka",THA,LKA,U,FI,P,18,0,0,20,38
2013,Thailand,"Sri Lanka",THA,LKA,U,RA,P,0,0,0,5,5
2013,Thailand,Myanmar,THA,MMR,G,FA,P,968,0,0,89,1057
2013,Thailand,Nepal,THA,NPL,U,FI,P,0,0,5,5,10
2013,Thailand,Pakistan,THA,PAK,U,AR,P,5,0,5,0,10
2013,Thailand,Pakistan,THA,PAK,U,FI,P,115,0,15,30,160
2013,Thailand,Somalia,THA,SOM,U,FI,P,17,0,0,0,17
2013,Thailand,"Viet Nam",THA,VNM,U,AR,P,17,0,23,20,60
2013,Thailand,"Viet Nam",THA,VNM,U,FI,P,29,0,5,38,72
2013,Thailand,"Viet Nam",THA,VNM,U,RA,P,12,0,0,0,12
2013,Thailand,"Syrian Arab Rep.",THA,SYR,U,FI,P,35,0,0,36,71
2013,Thailand,Uganda,THA,UGA,U,FI,P,0,0,0,5,5
2014,Thailand,Afghanistan,THA,AFG,U,FI,P,12,0,0,0,12
2014,Thailand,Egypt,THA,EGY,U,FI,P,0,0,0,10,10
2014,Thailand,Cambodia,THA,KHM,U,FI,P,39,0,0,5,44
2014,Thailand,Cambodia,THA,KHM,U,RA,P,0,0,0,11,11
2014,Thailand,China,THA,CHN,U,AR,P,0,0,5,0,5
2014,Thailand,China,THA,CHN,U,FI,P,42,0,11,15,68
2014,Thailand,China,THA,CHN,U,RA,P,5,0,0,0,5
2014,Thailand,Cameroon,THA,CMR,U,FI,P,0,0,0,5,5
2014,Thailand,"Dem. Rep. of the Congo",THA,COD,U,AR,P,5,0,0,0,5
2014,Thailand,"Dem. Rep. of the Congo",THA,COD,U,FI,P,5,0,0,0,5
2014,Thailand,"State of Palestine",THA,PSE,U,FI,P,230,0,5,41,276
2014,Thailand,"Cote d'Ivoire",THA,CIV,U,FI,P,5,0,0,0,5
2014,Thailand,"Iran (Islamic Rep. of)",THA,IRN,U,AR,P,0,0,10,0,10
2014,Thailand,"Iran (Islamic Rep. of)",THA,IRN,U,FI,P,14,0,19,25,58
2014,Thailand,"Iran (Islamic Rep. of)",THA,IRN,U,RA,P,0,0,0,5,5
2014,Thailand,Iraq,THA,IRQ,U,FI,P,5,0,0,12,17
2014,Thailand,Iraq,THA,IRQ,U,RA,P,0,0,0,5,5
2014,Thailand,Jordan,THA,JOR,U,FI,P,5,0,0,0,5
2014,Thailand,Libya,THA,LBY,U,FI,P,0,0,0,5,5
2014,Thailand,"Sri Lanka",THA,LKA,U,AR,P,5,0,5,0,10
2014,Thailand,"Sri Lanka",THA,LKA,U,FI,P,21,0,0,5,26
2014,Thailand,"Sri Lanka",THA,LKA,U,RA,P,18,0,0,5,23
2014,Thailand,Myanmar,THA,MMR,G,FI,P,740,0,0,310,1050
2014,Thailand,Nepal,THA,NPL,U,FI,P,0,0,0,5,5
2014,Thailand,Pakistan,THA,PAK,U,AR,P,0,0,14,0,14
2014,Thailand,Pakistan,THA,PAK,U,FI,P,291,0,334,195,820
2014,Thailand,Somalia,THA,SOM,U,FI,P,30,0,0,16,46
2014,Thailand,"Viet Nam",THA,VNM,U,AR,P,27,0,21,0,48
2014,Thailand,"Viet Nam",THA,VNM,U,FI,P,10,0,5,22,37
2014,Thailand,"Viet Nam",THA,VNM,U,RA,P,40,0,5,0,45
2014,Thailand,Sudan,THA,SDN,U,FI,P,0,0,0,5,5
2014,Thailand,"Syrian Arab Rep.",THA,SYR,U,FI,P,72,0,0,61,133
2015,Thailand,Afghanistan,THA,AFG,U,FI,P,12,0,0,0,12
2015,Thailand,Egypt,THA,EGY,U,FI,P,0,0,0,11,11
2015,Thailand,Bahrain,THA,BHR,U,FI,P,0,0,0,5,5
2015,Thailand,Bangladesh,THA,BGD,U,FI,P,0,0,0,5,5
2015,Thailand,Cambodia,THA,KHM,U,FI,P,16,0,0,13,29
2015,Thailand,Cambodia,THA,KHM,U,RA,P,5,0,0,0,5
2015,Thailand,China,THA,CHN,U,AR,P,0,0,5,0,5
2015,Thailand,China,THA,CHN,U,FI,P,63,0,0,19,82
2015,Thailand,China,THA,CHN,U,RA,P,5,0,0,0,5
2015,Thailand,Cameroon,THA,CMR,U,FI,P,0,0,0,12,12
2015,Thailand,"Dem. Rep. of the Congo",THA,COD,U,FI,P,0,0,0,12,12
2015,Thailand,Ethiopia,THA,ETH,U,FI,P,5,0,0,0,5
2015,Thailand,"State of Palestine",THA,PSE,U,FI,P,232,0,5,10,247
2015,Thailand,Guinea,THA,GIN,U,FI,P,0,0,0,5,5
2015,Thailand,"Cote d'Ivoire",THA,CIV,U,FI,P,5,0,0,0,5
2015,Thailand,India,THA,IND,U,FI,P,0,0,0,5,5
2015,Thailand,"Iran (Islamic Rep. of)",THA,IRN,U,AR,P,0,0,11,0,11
2015,Thailand,"Iran (Islamic Rep. of)",THA,IRN,U,FI,P,10,0,20,39,69
2015,Thailand,Iraq,THA,IRQ,U,FI,P,22,0,0,65,87
2015,Thailand,Jordan,THA,JOR,U,FI,P,5,0,0,0,5
2015,Thailand,Liberia,THA,LBR,U,FI,P,0,0,5,68,73
2015,Thailand,"Sri Lanka",THA,LKA,U,AR,P,0,0,5,0,5
2015,Thailand,"Sri Lanka",THA,LKA,U,FI,P,22,0,10,53,85
2015,Thailand,"Sri Lanka",THA,LKA,U,RA,P,14,0,11,0,25
2015,Thailand,Myanmar,THA,MMR,G,FI,P,152,0,15,0,167
2015,Thailand,Nigeria,THA,NGA,U,FI,P,0,0,11,0,11
2015,Thailand,Pakistan,THA,PAK,U,AR,P,27,0,22,12,61
2015,Thailand,Pakistan,THA,PAK,U,FI,P,306,0,163,472,941
2015,Thailand,Pakistan,THA,PAK,U,RA,P,0,0,5,0,5
2015,Thailand,"Sierra Leone",THA,SLE,U,FI,P,0,0,0,13,13
2015,Thailand,Somalia,THA,SOM,U,FI,P,34,0,28,50,112
2015,Thailand,"Viet Nam",THA,VNM,U,AR,P,28,0,21,0,49
2015,Thailand,"Viet Nam",THA,VNM,U,FI,P,77,0,17,78,172
2015,Thailand,"Viet Nam",THA,VNM,U,RA,P,40,0,5,0,45
2015,Thailand,Sudan,THA,SDN,U,FI,P,14,0,0,0,14
2015,Thailand,"Syrian Arab Rep.",THA,SYR,U,FI,P,36,0,0,66,102
2015,Thailand,"United Rep. of Tanzania",THA,TZA,U,FI,P,5,0,0,0,5
2015,Thailand,Uzbekistan,THA,UZB,U,FI,P,0,0,0,5,5
2015,Thailand,Yemen,THA,YEM,U,FI,P,0,0,0,5,5
2016,Thailand,Afghanistan,THA,AFG,U,AR,P,5,0,0,0,5
2016,Thailand,Afghanistan,THA,AFG,U,FI,P,44,0,5,10,59
2016,Thailand,Egypt,THA,EGY,U,FI,P,0,0,0,14,14
2016,Thailand,Bangladesh,THA,BGD,U,FI,P,0,0,0,5,5
2016,Thailand,Cambodia,THA,KHM,U,AR,P,0,0,0,5,5
2016,Thailand,Cambodia,THA,KHM,U,FI,P,36,0,13,10,59
2016,Thailand,Cambodia,THA,KHM,U,RA,P,12,0,0,5,17
2016,Thailand,China,THA,CHN,U,AR,P,0,0,5,0,5
2016,Thailand,China,THA,CHN,U,FI,P,97,0,16,24,137
2016,Thailand,Cameroon,THA,CMR,U,FI,P,0,0,0,11,11
2016,Thailand,"Dem. Rep. of the Congo",THA,COD,U,FI,P,15,0,0,5,20
2016,Thailand,Eritrea,THA,ERI,U,FI,P,5,0,0,0,5
2016,Thailand,Ethiopia,THA,ETH,U,FI,P,5,0,5,14,24
2016,Thailand,"State of Palestine",THA,PSE,U,FI,P,103,0,10,17,130
2016,Thailand,Guinea,THA,GIN,U,FI,P,0,0,0,5,5
2016,Thailand,"Cote d'Ivoire",THA,CIV,U,FI,P,5,0,0,0,5
2016,Thailand,India,THA,IND,U,FI,P,0,0,15,11,26
2016,Thailand,"Iran (Islamic Rep. of)",THA,IRN,U,AR,P,0,0,14,5,19
2016,Thailand,"Iran (Islamic Rep. of)",THA,IRN,U,FI,P,10,0,25,41,76
2016,Thailand,Iraq,THA,IRQ,U,FI,P,171,0,0,73,244
2016,Thailand,Jordan,THA,JOR,U,FI,P,0,0,5,0,5
2016,Thailand,Liberia,THA,LBR,U,AR,P,0,0,5,0,5
2016,Thailand,Liberia,THA,LBR,U,FI,P,0,0,0,5,5
2016,Thailand,"Sri Lanka",THA,LKA,U,AR,P,0,0,5,0,5
2016,Thailand,"Sri Lanka",THA,LKA,U,FI,P,16,0,36,37,89
2016,Thailand,"Sri Lanka",THA,LKA,U,RA,P,0,0,5,0,5
2016,Thailand,Myanmar,THA,MMR,G,FI,P,525,0,14,0,539
2016,Thailand,Nepal,THA,NPL,U,FI,P,5,0,5,0,10
2016,Thailand,Nigeria,THA,NGA,U,AR,P,0,0,5,0,5
2016,Thailand,Nigeria,THA,NGA,U,FI,P,0,0,5,11,16
2016,Thailand,Pakistan,THA,PAK,U,AR,P,92,0,285,15,392
2016,Thailand,Pakistan,THA,PAK,U,FI,P,1396,0,960,636,2992
2016,Thailand,Pakistan,THA,PAK,U,RA,P,0,0,5,0,5
2016,Thailand,"Russian Federation",THA,RUS,U,FI,P,0,0,5,0,5
2016,Thailand,"Sierra Leone",THA,SLE,U,FI,P,0,0,5,0,5
2016,Thailand,Somalia,THA,SOM,U,AR,P,0,0,11,0,11
2016,Thailand,Somalia,THA,SOM,U,FI,P,108,0,34,95,237
2016,Thailand,"Viet Nam",THA,VNM,U,AR,P,5,0,24,0,29
2016,Thailand,"Viet Nam",THA,VNM,U,FI,P,121,0,55,98,274
2016,Thailand,"Viet Nam",THA,VNM,U,RA,P,5,0,19,5,29
2016,Thailand,Sudan,THA,SDN,U,FI,P,5,0,5,11,21
2016,Thailand,"Syrian Arab Rep.",THA,SYR,U,FI,P,230,0,0,41,271
2016,Thailand,"Syrian Arab Rep.",THA,SYR,U,RA,P,0,0,0,5,5
2016,Thailand,Ukraine,THA,UKR,U,FI,P,5,0,0,0,5
2016,Thailand,Uzbekistan,THA,UZB,U,FI,P,0,0,0,5,5
2016,Thailand,Yemen,THA,YEM,U,FI,P,14,0,0,15,29
2017,Thailand,Afghanistan,THA,AFG,U,FI,P,43,0,0,11,54
2017,Thailand,Egypt,THA,EGY,U,AR,P,0,0,5,0,5
2017,Thailand,Egypt,THA,EGY,U,FI,P,12,0,14,5,31
2017,Thailand,Bangladesh,THA,BGD,U,FI,P,0,0,5,0,5
2017,Thailand,Cambodia,THA,KHM,U,AR,P,0,0,5,0,5
2017,Thailand,Cambodia,THA,KHM,U,FI,P,63,0,20,30,113
2017,Thailand,China,THA,CHN,U,AR,P,0,0,5,0,5
2017,Thailand,China,THA,CHN,U,FI,P,52,0,10,19,81
2017,Thailand,Cameroon,THA,CMR,U,FI,P,0,0,0,5,5
2017,Thailand,"Dem. Rep. of the Congo",THA,COD,U,AR,P,0,0,5,0,5
2017,Thailand,"Dem. Rep. of the Congo",THA,COD,U,FI,P,11,0,0,5,16
2017,Thailand,Eritrea,THA,ERI,U,FI,P,5,0,0,0,5
2017,Thailand,Ethiopia,THA,ETH,U,AR,P,0,0,5,0,5
2017,Thailand,Ethiopia,THA,ETH,U,FI,P,5,0,5,11,21
2017,Thailand,"State of Palestine",THA,PSE,U,AR,P,0,0,5,0,5
2017,Thailand,"State of Palestine",THA,PSE,U,FI,P,31,0,0,12,43
2017,Thailand,Guinea,THA,GIN,U,AR,P,0,0,5,0,5
2017,Thailand,Guinea,THA,GIN,U,FI,P,0,0,5,5,10
2017,Thailand,India,THA,IND,U,AR,P,0,0,15,0,15
2017,Thailand,India,THA,IND,U,FI,P,0,0,5,14,19
2017,Thailand,"Iran (Islamic Rep. of)",THA,IRN,U,AR,P,5,0,23,5,33
2017,Thailand,"Iran (Islamic Rep. of)",THA,IRN,U,FI,P,25,0,34,42,101
2017,Thailand,Iraq,THA,IRQ,U,FI,P,94,0,5,11,110
2017,Thailand,"Sri Lanka",THA,LKA,U,AR,P,0,0,27,0,27
2017,Thailand,"Sri Lanka",THA,LKA,U,FI,P,27,0,32,26,85
2017,Thailand,Myanmar,THA,MMR,G,FI,P,676,0,5,0,681
2017,Thailand,Nepal,THA,NPL,U,AR,P,0,0,5,0,5
2017,Thailand,Nepal,THA,NPL,U,FI,P,0,0,0,5,5
2017,Thailand,Nigeria,THA,NGA,U,AR,P,0,0,5,0,5
2017,Thailand,Nigeria,THA,NGA,U,FI,P,0,0,5,10,15
2017,Thailand,Pakistan,THA,PAK,U,AR,P,36,0,1273,55,1364
2017,Thailand,Pakistan,THA,PAK,U,FI,P,372,0,1262,833,2467
2017,Thailand,Pakistan,THA,PAK,U,RA,P,5,0,5,0,10
2017,Thailand,Philippines,THA,PHL,U,FI,P,0,0,5,0,5
2017,Thailand,"Russian Federation",THA,RUS,U,FI,P,0,0,5,5,10
2017,Thailand,Somalia,THA,SOM,U,AR,P,5,0,17,0,22
2017,Thailand,Somalia,THA,SOM,U,FI,P,80,0,34,36,150
2017,Thailand,"Viet Nam",THA,VNM,U,AR,P,5,0,27,10,42
2017,Thailand,"Viet Nam",THA,VNM,U,FI,P,194,0,191,25,410
2017,Thailand,"Viet Nam",THA,VNM,U,RA,P,16,0,11,0,27
2017,Thailand,Sudan,THA,SDN,U,FI,P,0,0,0,5,5
2017,Thailand,"Syrian Arab Rep.",THA,SYR,U,FI,P,73,0,0,17,90
2017,Thailand,Uzbekistan,THA,UZB,U,FI,P,0,0,0,5,5
2017,Thailand,Yemen,THA,YEM,U,FI,P,24,0,0,0,24
2017,Thailand,Zimbabwe,THA,ZWE,U,FI,P,10,0,0,0,10
2018,Thailand,Afghanistan,THA,AFG,U,AR,P,5,0,0,0,5
2018,Thailand,Afghanistan,THA,AFG,U,FI,P,50,0,0,0,50
2018,Thailand,Egypt,THA,EGY,U,FI,P,0,0,14,0,14
2018,Thailand,Bangladesh,THA,BGD,U,FI,P,0,0,0,5,5
2018,Thailand,Cambodia,THA,KHM,U,AR,P,0,0,41,5,46
2018,Thailand,Cambodia,THA,KHM,U,FI,P,47,0,124,103,274
2018,Thailand,China,THA,CHN,U,AR,P,0,0,11,0,11
2018,Thailand,China,THA,CHN,U,FI,P,21,0,10,10,41
2018,Thailand,China,THA,CHN,U,RA,P,0,0,5,0,5
2018,Thailand,Cameroon,THA,CMR,U,FI,P,0,0,5,0,5
2018,Thailand,"Dem. Rep. of the Congo",THA,COD,U,FI,P,0,0,0,10,10
2018,Thailand,Ethiopia,THA,ETH,U,AR,P,0,0,5,0,5
2018,Thailand,Ethiopia,THA,ETH,U,FI,P,0,0,0,12,12
2018,Thailand,"State of Palestine",THA,PSE,U,AR,P,0,0,5,0,5
2018,Thailand,"State of Palestine",THA,PSE,U,FI,P,13,0,0,0,13
2018,Thailand,Guinea,THA,GIN,U,AR,P,0,0,0,5,5
2018,Thailand,India,THA,IND,U,AR,P,0,0,0,5,5
2018,Thailand,India,THA,IND,U,FI,P,0,0,0,5,5
2018,Thailand,"Iran (Islamic Rep. of)",THA,IRN,U,AR,P,0,0,20,0,20
2018,Thailand,"Iran (Islamic Rep. of)",THA,IRN,U,FI,P,13,0,13,29,55
2018,Thailand,Iraq,THA,IRQ,U,FI,P,5,0,0,44,49
2018,Thailand,"Lao People's Dem. Rep.",THA,LAO,U,AR,P,0,0,5,0,5
2018,Thailand,"Lao People's Dem. Rep.",THA,LAO,U,FI,P,0,0,12,0,12
2018,Thailand,"Sri Lanka",THA,LKA,U,AR,P,5,0,15,5,25
2018,Thailand,"Sri Lanka",THA,LKA,U,FI,P,5,0,5,17,27
2018,Thailand,Malaysia,THA,MYS,U,FI,P,0,0,0,5,5
2018,Thailand,Myanmar,THA,MMR,G,FI,P,10,0,0,0,10
2018,Thailand,Myanmar,THA,MMR,U,FI,P,0,0,0,254,254
2018,Thailand,Nigeria,THA,NGA,U,FI,P,0,0,0,5,5
2018,Thailand,Pakistan,THA,PAK,U,AR,P,56,0,470,35,561
2018,Thailand,Pakistan,THA,PAK,U,FI,P,96,0,40,140,276
2018,Thailand,Pakistan,THA,PAK,U,RA,P,12,0,0,0,12
2018,Thailand,"Russian Federation",THA,RUS,U,FI,P,0,0,5,5,10
2018,Thailand,Somalia,THA,SOM,U,AR,P,5,0,33,5,43
2018,Thailand,Somalia,THA,SOM,U,FI,P,30,0,46,41,117
2018,Thailand,"Viet Nam",THA,VNM,U,AR,P,41,0,125,5,171
2018,Thailand,"Viet Nam",THA,VNM,U,FI,P,220,0,137,78,435
2018,Thailand,"Viet Nam",THA,VNM,U,RA,P,5,0,11,5,21
2018,Thailand,Sudan,THA,SDN,U,FI,P,0,0,0,5,5
2018,Thailand,"Syrian Arab Rep.",THA,SYR,U,FI,P,12,0,0,0,12
2018,Thailand,Yemen,THA,YEM,U,FI,P,5,0,0,0,5
2019,Thailand,Afghanistan,THA,AFG,U,FI,P,22,0,0,5,27
2019,Thailand,Egypt,THA,EGY,U,FI,P,0,0,0,5,5
2019,Thailand,Bangladesh,THA,BGD,U,FI,P,0,0,5,0,5
2019,Thailand,Cambodia,THA,KHM,U,AR,P,5,0,44,5,54
2019,Thailand,Cambodia,THA,KHM,U,FI,P,43,0,48,70,161
2019,Thailand,China,THA,CHN,U,FI,P,11,0,0,11,22
2019,Thailand,Cameroon,THA,CMR,U,AR,P,5,0,0,0,5
2019,Thailand,Cameroon,THA,CMR,U,FI,P,27,0,0,0,27
2019,Thailand,"Dem. Rep. of the Congo",THA,COD,U,FI,P,0,0,0,5,5
2019,Thailand,Ethiopia,THA,ETH,U,FI,P,10,0,0,5,15
2019,Thailand,"State of Palestine",THA,PSE,U,FI,P,5,0,5,0,10
2019,Thailand,"Iran (Islamic Rep. of)",THA,IRN,U,AR,P,5,0,0,0,5
2019,Thailand,"Iran (Islamic Rep. of)",THA,IRN,U,FI,P,5,0,5,26,36
2019,Thailand,"Iran (Islamic Rep. of)",THA,IRN,U,RA,P,5,0,0,0,5
2019,Thailand,Iraq,THA,IRQ,U,FI,P,5,0,5,19,29
2019,Thailand,Kuwait,THA,KWT,U,FI,P,0,0,5,0,5
2019,Thailand,"Lao People's Dem. Rep.",THA,LAO,U,FI,P,5,0,0,0,5
2019,Thailand,"Sri Lanka",THA,LKA,U,AR,P,0,0,0,5,5
2019,Thailand,"Sri Lanka",THA,LKA,U,FI,P,0,0,0,11,11
2019,Thailand,Myanmar,THA,MMR,G,FI,P,15,0,0,0,15
2019,Thailand,Pakistan,THA,PAK,U,AR,P,0,0,18,5,23
2019,Thailand,Pakistan,THA,PAK,U,FI,P,88,0,22,20,130
2019,Thailand,Pakistan,THA,PAK,U,RA,P,0,0,14,0,14
2019,Thailand,"Russian Federation",THA,RUS,U,AR,P,0,0,5,0,5
2019,Thailand,Somalia,THA,SOM,U,AR,P,0,0,12,0,12
2019,Thailand,Somalia,THA,SOM,U,FI,P,13,0,5,16,34
2019,Thailand,"Viet Nam",THA,VNM,U,AR,P,5,0,97,0,102
2019,Thailand,"Viet Nam",THA,VNM,U,FI,P,82,0,89,93,264
2019,Thailand,"Viet Nam",THA,VNM,U,RA,P,0,0,0,5,5
2019,Thailand,"South Sudan",THA,SSD,U,FI,P,0,0,0,5,5
2019,Thailand,Sudan,THA,SDN,U,FI,P,0,0,0,5,5
2019,Thailand,"Syrian Arab Rep.",THA,SYR,U,FI,P,12,0,0,0,12
2019,Thailand,Uzbekistan,THA,UZB,U,FI,P,0,0,0,5,5
2019,Thailand,Yemen,THA,YEM,U,FI,P,10,0,0,0,10
2020,Thailand,Afghanistan,THA,AFG,U,FI,P,36,0,0,0,36
2020,Thailand,Egypt,THA,EGY,U,AR,P,5,0,0,0,5
2020,Thailand,Egypt,THA,EGY,U,FI,P,5,0,0,0,5
2020,Thailand,Cambodia,THA,KHM,U,AR,P,12,0,0,5,17
2020,Thailand,Cambodia,THA,KHM,U,FI,P,29,0,5,15,49
2020,Thailand,China,THA,CHN,U,FI,P,10,0,0,5,15
2020,Thailand,Cameroon,THA,CMR,U,FI,P,20,0,0,5,25
2020,Thailand,Ethiopia,THA,ETH,U,FI,P,5,0,0,0,5
2020,Thailand,"State of Palestine",THA,PSE,U,FI,P,5,0,0,0,5
2020,Thailand,"Iran (Islamic Rep. of)",THA,IRN,U,FI,P,15,0,0,0,15
2020,Thailand,Kuwait,THA,KWT,U,AR,P,0,0,5,0,5
2020,Thailand,"Lao People's Dem. Rep.",THA,LAO,U,FI,P,5,0,0,0,5
2020,Thailand,"Sri Lanka",THA,LKA,U,AR,P,0,0,11,0,11
2020,Thailand,"Sri Lanka",THA,LKA,U,FI,P,0,0,5,0,5
2020,Thailand,Myanmar,THA,MMR,G,FI,P,15,0,0,0,15
2020,Thailand,Pakistan,THA,PAK,U,AR,P,5,0,13,0,18
2020,Thailand,Pakistan,THA,PAK,U,FI,P,63,0,0,11,74
2020,Thailand,Pakistan,THA,PAK,U,RA,P,0,0,5,0,5
2020,Thailand,Somalia,THA,SOM,U,AR,P,5,0,5,0,10
2020,Thailand,Somalia,THA,SOM,U,FI,P,11,0,0,0,11
2020,Thailand,Somalia,THA,SOM,U,RA,P,5,0,0,0,5
2020,Thailand,"Viet Nam",THA,VNM,U,AR,P,10,0,14,0,24
2020,Thailand,"Viet Nam",THA,VNM,U,FI,P,93,0,28,34,155
2020,Thailand,"Viet Nam",THA,VNM,U,RA,P,5,0,0,0,5
2020,Thailand,"Syrian Arab Rep.",THA,SYR,U,FI,P,13,0,0,0,13
2020,Thailand,Zimbabwe,THA,ZWE,U,FI,P,10,0,0,0,10
2021,Thailand,Afghanistan,THA,AFG,U,FI,P,18,0,0,5,23
2021,Thailand,Cambodia,THA,KHM,U,AR,P,5,0,12,0,17
2021,Thailand,Cambodia,THA,KHM,U,FI,P,62,0,22,29,113
2021,Thailand,Cambodia,THA,KHM,U,RA,P,5,0,0,0,5
2021,Thailand,China,THA,CHN,U,FI,P,12,0,5,5,22
2021,Thailand,Cameroon,THA,CMR,U,FI,P,13,0,5,0,18
2021,Thailand,"Dem. Rep. of the Congo",THA,COD,U,RA,P,5,0,0,0,5
2021,Thailand,Ethiopia,THA,ETH,U,FI,P,5,0,0,0,5
2021,Thailand,"State of Palestine",THA,PSE,U,FI,P,5,0,0,0,5
2021,Thailand,Guinea,THA,GIN,U,FI,P,0,0,0,5,5
2021,Thailand,"Iran (Islamic Rep. of)",THA,IRN,U,AR,P,0,0,5,0,5
2021,Thailand,"Iran (Islamic Rep. of)",THA,IRN,U,FI,P,14,0,0,10,24
2021,Thailand,"Iran (Islamic Rep. of)",THA,IRN,U,RA,P,5,0,0,0,5
2021,Thailand,"Sri Lanka",THA,LKA,U,FI,P,0,0,0,5,5
2021,Thailand,Myanmar,THA,MMR,U,FI,P,5,0,0,0,5
2021,Thailand,Pakistan,THA,PAK,U,AR,P,13,0,10,0,23
2021,Thailand,Pakistan,THA,PAK,U,FI,P,23,0,13,14,50
2021,Thailand,Pakistan,THA,PAK,U,RA,P,15,0,10,0,25
2021,Thailand,Somalia,THA,SOM,U,FI,P,5,0,0,5,10
2021,Thailand,"Viet Nam",THA,VNM,U,AR,P,30,0,46,15,91
2021,Thailand,"Viet Nam",THA,VNM,U,FI,P,102,0,83,65,250
2021,Thailand,"Viet Nam",THA,VNM,U,RA,P,17,0,5,0,22
2021,Thailand,"Syrian Arab Rep.",THA,SYR,U,FI,P,5,0,0,0,5
2021,Thailand,Yemen,THA,YEM,U,FI,P,5,0,0,0,5
2022,Thailand,Afghanistan,THA,AFG,U,FI,P,24,0,0,0,24
2022,Thailand,Cambodia,THA,KHM,U,AR,P,0,0,0,24,24
2022,Thailand,Cambodia,THA,KHM,U,FI,P,51,0,5,20,76
2022,Thailand,China,THA,CHN,U,FI,P,5,0,0,0,5
2022,Thailand,Cameroon,THA,CMR,U,FI,P,13,0,0,0,13
2022,Thailand,"Iran (Islamic Rep. of)",THA,IRN,U,AR,P,0,0,0,5,5
2022,Thailand,"Iran (Islamic Rep. of)",THA,IRN,U,FI,P,0,0,0,5,5
2022,Thailand,"Sri Lanka",THA,LKA,U,AR,P,0,0,0,5,5
2022,Thailand,Morocco,THA,MAR,U,FI,P,5,0,0,0,5
2022,Thailand,Myanmar,THA,MMR,G,FI,P,32,0,0,0,32
2022,Thailand,Nigeria,THA,NGA,U,FI,P,0,0,12,0,12
2022,Thailand,Pakistan,THA,PAK,U,AR,P,0,0,0,13,13
2022,Thailand,Pakistan,THA,PAK,U,FI,P,36,0,5,12,53
2022,Thailand,Somalia,THA,SOM,U,AR,P,0,0,0,5,5
2022,Thailand,"Viet Nam",THA,VNM,U,AR,P,0,0,19,17,36
2022,Thailand,"Viet Nam",THA,VNM,U,FI,P,96,0,17,16,129
2022,Thailand,"Viet Nam",THA,VNM,U,RA,P,0,0,0,5,5
2022,Thailand,"Syrian Arab Rep.",THA,SYR,U,FI,P,10,0,0,0,10
2023,Thailand,Afghanistan,THA,AFG,U,FI,P,27,0,0,0,27
2023,Thailand,Cambodia,THA,KHM,U,AR,P,5,0,11,12,28
2023,Thailand,Cambodia,THA,KHM,U,FI,P,78,0,49,5,132
2023,Thailand,China,THA,CHN,U,AR,P,0,0,0,5,5
2023,Thailand,China,THA,CHN,U,FI,P,5,0,10,63,78
2023,Thailand,Cameroon,THA,CMR,U,AR,P,0,0,5,0,5
2023,Thailand,Cameroon,THA,CMR,U,FI,P,16,0,10,5,31
2023,Thailand,"Dem. Rep. of the Congo",THA,COD,U,FI,P,5,0,0,0,5
2023,Thailand,Ethiopia,THA,ETH,U,FI,P,5,0,0,5,10
2023,Thailand,"State of Palestine",THA,PSE,U,FI,P,5,0,0,0,5
2023,Thailand,Guinea,THA,GIN,U,AR,P,0,0,0,5,5
2023,Thailand,"Iran (Islamic Rep. of)",THA,IRN,U,AR,P,0,0,5,0,5
2023,Thailand,"Iran (Islamic Rep. of)",THA,IRN,U,FI,P,5,0,0,0,5
2023,Thailand,Iraq,THA,IRQ,U,FI,P,0,0,0,13,13
2023,Thailand,"Lao People's Dem. Rep.",THA,LAO,U,FI,P,5,0,0,0,5
2023,Thailand,"Sri Lanka",THA,LKA,U,FI,P,0,0,0,5,5
2023,Thailand,Myanmar,THA,MMR,G,FI,P,47,0,0,0,47
2023,Thailand,Nigeria,THA,NGA,U,AR,P,0,0,5,5,10
2023,Thailand,Nigeria,THA,NGA,U,FI,P,0,0,10,0,10
2023,Thailand,Pakistan,THA,PAK,U,AR,P,0,0,0,10,10
2023,Thailand,Pakistan,THA,PAK,U,FI,P,141,0,57,18,216
2023,Thailand,Pakistan,THA,PAK,U,RA,P,0,0,0,17,17
2023,Thailand,Somalia,THA,SOM,U,FI,P,5,0,0,0,5
2023,Thailand,"Viet Nam",THA,VNM,U,AR,P,13,0,23,25,61
2023,Thailand,"Viet Nam",THA,VNM,U,FI,P,136,0,38,13,187
2023,Thailand,"Viet Nam",THA,VNM,U,RA,P,0,0,13,24,37
2023,Thailand,Sudan,THA,SDN,U,FI,P,5,0,0,0,5
2023,Thailand,"Syrian Arab Rep.",THA,SYR,U,FI,P,10,0,0,0,10
2024,Thailand,Afghanistan,THA,AFG,U,FI,P,18,0,0,0,18
2024,Thailand,Egypt,THA,EGY,U,FI,P,0,0,5,0,5
2024,Thailand,Cambodia,THA,KHM,U,AR,P,5,0,5,15,25
2024,Thailand,Cambodia,THA,KHM,U,FI,P,86,0,21,11,118
2024,Thailand,China,THA,CHN,U,AR,P,0,0,0,11,11
2024,Thailand,China,THA,CHN,U,FI,P,25,0,10,13,48
2024,Thailand,Cameroon,THA,CMR,U,AR,P,0,0,12,0,12
2024,Thailand,Cameroon,THA,CMR,U,FI,P,28,0,13,5,46
2024,Thailand,Ethiopia,THA,ETH,U,FI,P,5,0,0,0,5
2024,Thailand,"State of Palestine",THA,PSE,U,FI,P,0,0,0,5,5
2024,Thailand,"Iran (Islamic Rep. of)",THA,IRN,U,FI,P,0,0,0,5,5
2024,Thailand,Kuwait,THA,KWT,U,FI,P,5,0,0,0,5
2024,Thailand,Nigeria,THA,NGA,U,AR,P,0,0,5,5,10
2024,Thailand,Nigeria,THA,NGA,U,FI,P,0,0,12,0,12
2024,Thailand,Pakistan,THA,PAK,U,AR,P,5,0,19,20,44
2024,Thailand,Pakistan,THA,PAK,U,FI,P,251,0,64,30,345
2024,Thailand,Somalia,THA,SOM,U,FI,P,11,0,0,5,16
2024,Thailand,"Viet Nam",THA,VNM,U,AR,P,5,0,0,0,5
2024,Thailand,"Viet Nam",THA,VNM,U,FI,P,67,0,5,0,72
2024,Thailand,"Viet Nam",THA,VNM,U,RA,P,0,0,0,12,12
2024,Thailand,Sudan,THA,SDN,U,FI,P,5,0,0,0,5
2024,Thailand,"Syrian Arab Rep.",THA,SYR,U,FI,P,14,0,0,0,14
2024,Thailand,Uganda,THA,UGA,U,FI,P,5,0,0,0,5
2025,Thailand,Afghanistan,THA,AFG,U,FI,P,52,0,0,0,52
2025,Thailand,Cambodia,THA,KHM,U,AR,P,10,0,17,30,57
2025,Thailand,Cambodia,THA,KHM,U,FI,P,52,0,44,17,113
2025,Thailand,Cambodia,THA,KHM,U,RA,P,0,0,0,5,5
2025,Thailand,China,THA,CHN,U,AR,P,0,0,14,0,14
2025,Thailand,China,THA,CHN,U,FI,P,10,0,10,17,37
2025,Thailand,Cameroon,THA,CMR,U,AR,P,0,0,5,5,10
2025,Thailand,Cameroon,THA,CMR,U,FI,P,10,0,5,13,28
2025,Thailand,"Dem. Rep. of the Congo",THA,COD,U,FI,P,5,0,0,0,5
2025,Thailand,Ethiopia,THA,ETH,U,FI,P,5,0,0,5,10
2025,Thailand,"State of Palestine",THA,PSE,U,RA,P,0,0,0,5,5
2025,Thailand,Guinea,THA,GIN,U,FI,P,10,0,0,0,10
2025,Thailand,"Iran (Islamic Rep. of)",THA,IRN,U,FI,P,5,0,0,0,5
2025,Thailand,"Lao People's Dem. Rep.",THA,LAO,U,FI,P,0,0,0,5,5
2025,Thailand,"Sri Lanka",THA,LKA,U,FI,P,11,0,0,0,11
2025,Thailand,Nigeria,THA,NGA,U,AR,P,0,0,5,11,16
2025,Thailand,Nigeria,THA,NGA,U,FI,P,0,0,5,0,5
2025,Thailand,Pakistan,THA,PAK,U,AR,P,5,0,66,22,93
2025,Thailand,Pakistan,THA,PAK,U,FI,P,110,0,104,16,230
2025,Thailand,Pakistan,THA,PAK,U,RA,P,0,0,0,26,26
2025,Thailand,Somalia,THA,SOM,U,FI,P,5,0,0,0,5
2025,Thailand,Somalia,THA,SOM,U,RA,P,5,0,0,0,5
2025,Thailand,"Viet Nam",THA,VNM,U,AR,P,5,0,15,18,38
2025,Thailand,"Viet Nam",THA,VNM,U,FI,P,50,0,69,33,152
2025,Thailand,"Viet Nam",THA,VNM,U,RA,P,5,0,0,0,5
2025,Thailand,Sudan,THA,SDN,U,FI,P,5,0,0,0,5
2025,Thailand,Uganda,THA,UGA,U,FI,P,0,0,0,5,5
2025,Thailand,Yemen,THA,YEM,U,FI,P,5,0,0,0,5
