Year,"Country of Asylum","Country of Origin","Country of Asylum ISO","Country of Origin ISO",Refugees,Asylum-seekers,IDPs,"Other people in need of international protection","Stateless persons","Host community","Others of concern"
1975,Thailand,Cambodia,THA,KHM,18830,0,0,0,0,0,0
1975,Thailand,"Lao People's Dem. Rep.",THA,LAO,55510,0,0,0,0,0,0
1975,Thailand,"Viet Nam",THA,VNM,1420,0,0,0,0,0,0
1976,Thailand,Cambodia,THA,KHM,17090,0,0,0,0,0,0
1976,Thailand,"Lao People's Dem. Rep.",THA,LAO,62720,0,0,0,0,0,0
1976,Thailand,"Viet Nam",THA,VNM,3060,0,0,0,0,0,0
1977,Thailand,Cambodia,THA,KHM,15030,0,0,0,0,0,0
1977,Thailand,"Lao People's Dem. Rep.",THA,LAO,78970,0,0,0,0,0,0
1977,Thailand,"Viet Nam",THA,VNM,3600,0,0,0,0,0,0
1978,Thailand,Cambodia,THA,KHM,15000,0,0,0,0,0,0
1978,Thailand,"Lao People's Dem. Rep.",THA,LAO,119180,0,0,0,0,0,0
1978,Thailand,"Viet Nam",THA,VNM,4770,0,0,0,0,0,0
1979,Thailand,Cambodia,THA,KHM,15410,0,0,0,0,0,0
1979,Thailand,"Lao People's Dem. Rep.",THA,LAO,128770,0,0,0,0,0,0
1979,Thailand,"Viet Nam",THA,VNM,7440,0,0,0,0,0,0
1980,Thailand,Cambodia,THA,KHM,147400,0,0,0,0,0,0
1980,Thailand,"Lao People's Dem. Rep.",THA,LAO,104940,0,0,0,0,0,0
1980,Thailand,"Viet Nam",THA,VNM,9020,0,0,0,0,0,0
1981,Thailand,Cambodia,THA,KHM,97800,0,0,0,0,0,0
1981,Thailand,"Lao People's Dem. Rep.",THA,LAO,89390,0,0,0,0,0,0
1981,Thailand,"Viet Nam",THA,VNM,5800,0,0,0,0,0,0
1982,Thailand,Cambodia,THA,KHM,83950,0,0,0,0,0,0
1982,Thailand,"Iran (Islamic Rep. of)",THA,IRN,70,0,0,0,0,0,0
1982,Thailand,"Lao People's Dem. Rep.",THA,LAO,76060,0,0,0,0,0,0
1982,Thailand,"Viet Nam",THA,VNM,8900,0,0,0,0,0,0
1983,Thailand,Cambodia,THA,KHM,56610,0,0,0,0,0,0
1983,Thailand,"Iran (Islamic Rep. of)",THA,IRN,100,0,0,0,0,0,0
1983,Thailand,"Lao People's Dem. Rep.",THA,LAO,78950,0,0,0,0,0,0
1983,Thailand,"Viet Nam",THA,VNM,8620,0,0,0,0,0,0
1983,Thailand,"Unknown ",THA,UNK,40,0,0,0,0,0,0
1984,Thailand,Cambodia,THA,KHM,41650,0,0,0,0,0,0
1984,Thailand,"Lao People's Dem. Rep.",THA,LAO,82100,0,0,0,0,0,0
1984,Thailand,"Viet Nam",THA,VNM,4750,0,0,0,0,0,0
1985,Thailand,Cambodia,THA,KHM,31760,0,0,0,0,0,0
1985,Thailand,"Lao People's Dem. Rep.",THA,LAO,93260,0,0,0,0,0,0
1985,Thailand,"Viet Nam",THA,VNM,5400,0,0,0,0,0,0
1986,Thailand,Cambodia,THA,KHM,26950,0,0,0,0,0,0
1986,Thailand,"Lao People's Dem. Rep.",THA,LAO,85820,0,0,0,0,0,0
1986,Thailand,"Viet Nam",THA,VNM,7050,0,0,0,0,0,0
1986,Thailand,"Unknown ",THA,UNK,100,0,0,0,0,0,0
1987,Thailand,Cambodia,THA,KHM,22970,0,0,0,0,0,0
1987,Thailand,"Lao People's Dem. Rep.",THA,LAO,74980,0,0,0,0,0,0
1987,Thailand,"Viet Nam",THA,VNM,14540,0,0,0,0,0,0
1987,Thailand,"Unknown ",THA,UNK,250,0,0,0,0,0,0
1988,Thailand,Cambodia,THA,KHM,17178,0,0,0,0,0,0
1988,Thailand,"Lao People's Dem. Rep.",THA,LAO,76231,0,0,0,0,0,0
1988,Thailand,"Viet Nam",THA,VNM,14120,0,0,0,0,0,0
1988,Thailand,"Unknown ",THA,UNK,270,0,0,0,0,0,0
1989,Thailand,Cambodia,THA,KHM,17230,0,0,0,0,0,0
1989,Thailand,"Lao People's Dem. Rep.",THA,LAO,68741,0,0,0,0,0,0
1989,Thailand,"Viet Nam",THA,VNM,13574,0,0,0,0,0,0
1989,Thailand,"Unknown ",THA,UNK,390,0,0,0,0,0,0
1990,Thailand,Cambodia,THA,KHM,15097,0,0,0,0,0,0
1990,Thailand,"Lao People's Dem. Rep.",THA,LAO,67420,0,0,0,0,0,0
1990,Thailand,"Viet Nam",THA,VNM,15778,0,0,0,0,0,0
1990,Thailand,"Unknown ",THA,UNK,1526,0,0,0,0,0,0
1991,Thailand,Cambodia,THA,KHM,14975,0,0,0,0,0,0
1991,Thailand,"Lao People's Dem. Rep.",THA,LAO,57298,0,0,0,0,0,0
1991,Thailand,"Viet Nam",THA,VNM,13708,0,0,0,0,0,0
1991,Thailand,"Unknown ",THA,UNK,2183,0,0,0,0,0,0
1992,Thailand,Cambodia,THA,KHM,7128,0,0,0,0,0,0
1992,Thailand,"Lao People's Dem. Rep.",THA,LAO,40871,0,0,0,0,0,0
1992,Thailand,"Viet Nam",THA,VNM,12649,0,0,0,0,0,0
1992,Thailand,"Unknown ",THA,UNK,2977,0,0,0,0,0,0
1993,Thailand,Afghanistan,THA,AFG,32,0,0,0,0,0,0
1993,Thailand,Cambodia,THA,KHM,67,0,0,0,0,0,0
1993,Thailand,China,THA,CHN,59,0,0,0,0,0,0
1993,Thailand,"Lao People's Dem. Rep.",THA,LAO,26694,0,0,0,0,0,0
1993,Thailand,"Sri Lanka",THA,LKA,242,0,0,0,0,0,0
1993,Thailand,Myanmar,THA,MMR,82289,0,0,0,0,0,0
1993,Thailand,Somalia,THA,SOM,20,0,0,0,0,0,0
1993,Thailand,"Viet Nam",THA,VNM,9797,0,0,0,0,0,0
1993,Thailand,"Unknown ",THA,UNK,32,0,0,0,0,0,0
1994,Thailand,Afghanistan,THA,AFG,25,0,0,0,0,0,0
1994,Thailand,Cambodia,THA,KHM,15,0,0,0,0,0,0
1994,Thailand,China,THA,CHN,57,0,0,0,0,0,0
1994,Thailand,"Lao People's Dem. Rep.",THA,LAO,11924,0,0,0,0,0,0
1994,Thailand,"Sri Lanka",THA,LKA,201,0,0,0,0,0,0
1994,Thailand,Myanmar,THA,MMR,82422,0,0,0,0,0,0
1994,Thailand,Somalia,THA,SOM,24,0,0,0,0,0,0
1994,Thailand,"Viet Nam",THA,VNM,6121,0,0,0,0,0,0
1994,Thailand,"Unknown ",THA,UNK,28,0,0,0,0,0,0
1995,Thailand,Afghanistan,THA,AFG,21,0,0,0,0,0,0
1995,Thailand,Cambodia,THA,KHM,5,0,0,0,0,0,0
1995,Thailand,China,THA,CHN,61,0,0,0,0,0,0
1995,Thailand,"Lao People's Dem. Rep.",THA,LAO,6290,0,0,0,0,0,0
1995,Thailand,"Sri Lanka",THA,LKA,184,0,0,0,0,0,0
1995,Thailand,Myanmar,THA,MMR,94910,0,0,0,0,0,0
1995,Thailand,Somalia,THA,SOM,53,0,0,0,0,0,0
1995,Thailand,"Viet Nam",THA,VNM,5014,0,0,0,0,0,0
1995,Thailand,"Unknown ",THA,UNK,27,0,0,0,0,0,0
1996,Thailand,Afghanistan,THA,AFG,26,0,0,0,0,0,0
1996,Thailand,China,THA,CHN,57,0,0,0,0,0,0
1996,Thailand,"Iran (Islamic Rep. of)",THA,IRN,9,0,0,0,0,0,0
1996,Thailand,"Lao People's Dem. Rep.",THA,LAO,3293,0,0,0,0,0,0
1996,Thailand,"Sri Lanka",THA,LKA,169,0,0,0,0,0,0
1996,Thailand,Myanmar,THA,MMR,104033,0,0,0,0,0,0
1996,Thailand,Somalia,THA,SOM,51,0,0,0,0,0,0
1996,Thailand,"Viet Nam",THA,VNM,289,0,0,0,0,0,0
1996,Thailand,"Unknown ",THA,UNK,35,0,0,0,0,0,0
1997,Thailand,Afghanistan,THA,AFG,28,0,0,0,0,0,0
1997,Thailand,Cambodia,THA,KHM,62235,0,0,0,0,0,0
1997,Thailand,China,THA,CHN,59,0,0,0,0,0,0
1997,Thailand,"Iran (Islamic Rep. of)",THA,IRN,8,0,0,0,0,0,0
1997,Thailand,Iraq,THA,IRQ,10,0,0,0,0,0,0
1997,Thailand,"Lao People's Dem. Rep.",THA,LAO,1337,0,0,0,0,0,0
1997,Thailand,"Sri Lanka",THA,LKA,173,0,0,0,0,0,0
1997,Thailand,Myanmar,THA,MMR,105216,0,0,0,0,0,0
1997,Thailand,Somalia,THA,SOM,52,0,0,0,0,0,0
1997,Thailand,"Viet Nam",THA,VNM,7,0,0,0,0,0,0
1997,Thailand,"Unknown ",THA,UNK,29,0,0,0,0,0,200
1998,Thailand,Afghanistan,THA,AFG,27,0,0,0,0,0,0
1998,Thailand,Cambodia,THA,KHM,36075,0,0,0,0,0,0
1998,Thailand,China,THA,CHN,61,0,0,0,0,0,0
1998,Thailand,"Iran (Islamic Rep. of)",THA,IRN,5,0,0,0,0,0,0
1998,Thailand,Iraq,THA,IRQ,13,0,0,0,0,0,0
1998,Thailand,"Lao People's Dem. Rep.",THA,LAO,196,0,0,0,0,0,1155
1998,Thailand,"Sri Lanka",THA,LKA,165,0,0,0,0,0,0
1998,Thailand,Myanmar,THA,MMR,101686,0,0,0,0,0,0
1998,Thailand,Somalia,THA,SOM,53,0,0,0,0,0,0
1998,Thailand,"Viet Nam",THA,VNM,8,0,0,0,0,0,45
1998,Thailand,"Unknown ",THA,UNK,45,0,0,0,0,0,0
1999,Thailand,Afghanistan,THA,AFG,22,0,0,0,0,0,0
1999,Thailand,Cambodia,THA,KHM,109,0,0,0,0,0,0
1999,Thailand,China,THA,CHN,34,0,0,0,0,0,0
1999,Thailand,"Iran (Islamic Rep. of)",THA,IRN,11,0,0,0,0,0,0
1999,Thailand,Iraq,THA,IRQ,27,0,0,0,0,0,0
1999,Thailand,"Dem. People's Rep. of Korea",THA,PRK,5,0,0,0,0,0,0
1999,Thailand,"Lao People's Dem. Rep.",THA,LAO,117,0,0,0,0,0,0
1999,Thailand,"Sri Lanka",THA,LKA,57,0,0,0,0,0,0
1999,Thailand,Myanmar,THA,MMR,99716,0,0,0,0,0,0
1999,Thailand,"Viet Nam",THA,VNM,6,0,0,0,0,0,38
1999,Thailand,"Unknown ",THA,UNK,29,0,0,0,0,0,0
2000,Thailand,Afghanistan,THA,AFG,20,9,0,0,0,0,0
2000,Thailand,Cambodia,THA,KHM,117,51,0,0,0,0,0
2000,Thailand,China,THA,CHN,46,19,0,0,0,0,0
2000,Thailand,"Iran (Islamic Rep. of)",THA,IRN,21,28,0,0,0,0,0
2000,Thailand,Iraq,THA,IRQ,36,25,0,0,0,0,0
2000,Thailand,"Dem. People's Rep. of Korea",THA,PRK,0,6,0,0,0,0,0
2000,Thailand,"Lao People's Dem. Rep.",THA,LAO,49,0,0,0,0,0,5
2000,Thailand,"Sri Lanka",THA,LKA,62,6,0,0,0,0,0
2000,Thailand,Myanmar,THA,MMR,104569,171,0,0,0,0,0
2000,Thailand,"Viet Nam",THA,VNM,5,0,0,0,0,0,0
2000,Thailand,"Unknown ",THA,UNK,41,45,0,0,0,0,0
2001,Thailand,Afghanistan,THA,AFG,19,5,0,0,0,0,0
2001,Thailand,Cambodia,THA,KHM,92,6,0,0,0,0,0
2001,Thailand,China,THA,CHN,66,20,0,0,0,0,0
2001,Thailand,"State of Palestine",THA,PSE,12,5,0,0,0,0,0
2001,Thailand,"Iran (Islamic Rep. of)",THA,IRN,14,15,0,0,0,0,0
2001,Thailand,Iraq,THA,IRQ,33,35,0,0,0,0,0
2001,Thailand,"Dem. People's Rep. of Korea",THA,PRK,0,20,0,0,0,0,0
2001,Thailand,"Lao People's Dem. Rep.",THA,LAO,34,0,0,0,0,0,5
2001,Thailand,"Sri Lanka",THA,LKA,57,11,0,0,0,0,0
2001,Thailand,Myanmar,THA,MMR,110313,175,0,0,0,0,0
2001,Thailand,"Viet Nam",THA,VNM,12,0,0,0,0,0,0
2001,Thailand,"Unknown ",THA,UNK,59,51,0,0,0,0,0
2002,Thailand,Afghanistan,THA,AFG,14,5,0,0,0,0,0
2002,Thailand,Cambodia,THA,KHM,82,15,0,0,0,0,0
2002,Thailand,China,THA,CHN,80,24,0,0,0,0,0
2002,Thailand,"State of Palestine",THA,PSE,6,9,0,0,0,0,0
2002,Thailand,"Iran (Islamic Rep. of)",THA,IRN,17,19,0,0,0,0,0
2002,Thailand,Iraq,THA,IRQ,33,57,0,0,0,0,0
2002,Thailand,"Dem. People's Rep. of Korea",THA,PRK,0,15,0,0,0,0,0
2002,Thailand,"Lao People's Dem. Rep.",THA,LAO,34,0,0,0,0,0,5
2002,Thailand,"Sri Lanka",THA,LKA,46,31,0,0,0,0,0
2002,Thailand,Myanmar,THA,MMR,112238,614,0,0,0,0,0
2002,Thailand,"Viet Nam",THA,VNM,10,7,0,0,0,0,0
2002,Thailand,"Unknown ",THA,UNK,54,255,0,0,0,0,0
2003,Thailand,Afghanistan,THA,AFG,12,0,0,0,0,0,0
2003,Thailand,Cambodia,THA,KHM,55,51,0,0,0,0,0
2003,Thailand,China,THA,CHN,52,48,0,0,0,0,0
2003,Thailand,Cameroon,THA,CMR,5,5,0,0,0,0,0
2003,Thailand,Congo,THA,COG,0,33,0,0,0,0,0
2003,Thailand,"Dem. Rep. of the Congo",THA,COD,5,13,0,0,0,0,0
2003,Thailand,Ethiopia,THA,ETH,0,5,0,0,0,0,0
2003,Thailand,"State of Palestine",THA,PSE,12,9,0,0,0,0,0
2003,Thailand,Ghana,THA,GHA,0,5,0,0,0,0,0
2003,Thailand,Guinea,THA,GIN,0,5,0,0,0,0,0
2003,Thailand,"Cote d'Ivoire",THA,CIV,0,11,0,0,0,0,0
2003,Thailand,India,THA,IND,5,16,0,0,0,0,0
2003,Thailand,Indonesia,THA,IDN,5,5,0,0,0,0,0
2003,Thailand,"Iran (Islamic Rep. of)",THA,IRN,17,39,0,0,0,0,0
2003,Thailand,Iraq,THA,IRQ,25,98,0,0,0,0,0
2003,Thailand,Kenya,THA,KEN,0,5,0,0,0,0,0
2003,Thailand,"Dem. People's Rep. of Korea",THA,PRK,0,18,0,0,0,0,0
2003,Thailand,"Lao People's Dem. Rep.",THA,LAO,41,23,0,0,0,0,5
2003,Thailand,Liberia,THA,LBR,8,83,0,0,0,0,0
2003,Thailand,"Sri Lanka",THA,LKA,24,41,0,0,0,0,0
2003,Thailand,Myanmar,THA,MMR,118762,1968,0,0,0,0,0
2003,Thailand,Nepal,THA,NPL,0,13,0,0,0,0,0
2003,Thailand,Nigeria,THA,NGA,0,59,0,0,0,0,0
2003,Thailand,Pakistan,THA,PAK,5,17,0,0,0,0,0
2003,Thailand,Rwanda,THA,RWA,5,0,0,0,0,0,0
2003,Thailand,"Sierra Leone",THA,SLE,0,19,0,0,0,0,0
2003,Thailand,Somalia,THA,SOM,5,15,0,0,0,0,0
2003,Thailand,"Viet Nam",THA,VNM,8,31,0,0,0,0,0
2003,Thailand,Sudan,THA,SDN,5,5,0,0,0,0,0
2003,Thailand,Uganda,THA,UGA,0,5,0,0,0,0,0
2004,Thailand,Afghanistan,THA,AFG,5,0,0,0,0,0,0
2004,Thailand,Egypt,THA,EGY,0,5,0,0,0,0,0
2004,Thailand,Cambodia,THA,KHM,70,64,0,0,0,0,0
2004,Thailand,China,THA,CHN,46,46,0,0,0,0,0
2004,Thailand,Cameroon,THA,CMR,5,0,0,0,0,0,0
2004,Thailand,Congo,THA,COG,5,5,0,0,0,0,0
2004,Thailand,"Dem. Rep. of the Congo",THA,COD,26,14,0,0,0,0,0
2004,Thailand,Eritrea,THA,ERI,0,5,0,0,0,0,0
2004,Thailand,Ethiopia,THA,ETH,0,5,0,0,0,0,0
2004,Thailand,"State of Palestine",THA,PSE,12,8,0,0,0,0,0
2004,Thailand,Guinea,THA,GIN,0,6,0,0,0,0,0
2004,Thailand,"Cote d'Ivoire",THA,CIV,6,0,0,0,0,0,0
2004,Thailand,India,THA,IND,0,15,0,0,0,0,0
2004,Thailand,Indonesia,THA,IDN,5,5,0,0,0,0,0
2004,Thailand,"Iran (Islamic Rep. of)",THA,IRN,18,33,0,0,0,0,0
2004,Thailand,Iraq,THA,IRQ,22,115,0,0,0,0,0
2004,Thailand,"Dem. People's Rep. of Korea",THA,PRK,0,15,0,0,0,0,0
2004,Thailand,"Lao People's Dem. Rep.",THA,LAO,27,145,0,0,0,0,5
2004,Thailand,Liberia,THA,LBR,17,32,0,0,0,0,0
2004,Thailand,"Sri Lanka",THA,LKA,20,35,0,0,0,0,0
2004,Thailand,Myanmar,THA,MMR,120814,325,0,0,0,0,0
2004,Thailand,Nepal,THA,NPL,5,36,0,0,0,0,0
2004,Thailand,Nigeria,THA,NGA,5,17,0,0,0,0,0
2004,Thailand,Pakistan,THA,PAK,5,9,0,0,0,0,0
2004,Thailand,Rwanda,THA,RWA,5,0,0,0,0,0,0
2004,Thailand,"Sierra Leone",THA,SLE,0,12,0,0,0,0,0
2004,Thailand,Somalia,THA,SOM,9,10,0,0,0,0,0
2004,Thailand,"Viet Nam",THA,VNM,13,61,0,0,0,0,0
2004,Thailand,Sudan,THA,SDN,5,5,0,0,0,0,0
2004,Thailand,Uganda,THA,UGA,0,5,0,0,0,0,0
2004,Thailand,Zimbabwe,THA,ZWE,0,5,0,0,0,0,0
2005,Thailand,Afghanistan,THA,AFG,5,0,0,0,0,0,0
2005,Thailand,Egypt,THA,EGY,5,0,0,0,0,0,0
2005,Thailand,Cambodia,THA,KHM,89,196,0,0,0,0,0
2005,Thailand,China,THA,CHN,57,46,0,0,0,0,0
2005,Thailand,Cameroon,THA,CMR,5,0,0,0,0,0,0
2005,Thailand,"Dem. Rep. of the Congo",THA,COD,30,17,0,0,0,0,0
2005,Thailand,"State of Palestine",THA,PSE,15,0,0,0,0,0,0
2005,Thailand,"Cote d'Ivoire",THA,CIV,13,0,0,0,0,0,0
2005,Thailand,India,THA,IND,5,0,0,0,0,0,0
2005,Thailand,Indonesia,THA,IDN,8,0,0,0,0,0,0
2005,Thailand,"Iran (Islamic Rep. of)",THA,IRN,29,5,0,0,0,0,0
2005,Thailand,Iraq,THA,IRQ,15,0,0,0,0,0,93
2005,Thailand,"Lao People's Dem. Rep.",THA,LAO,150,96,0,0,0,0,5
2005,Thailand,Liberia,THA,LBR,17,0,0,0,0,0,0
2005,Thailand,"Sri Lanka",THA,LKA,24,56,0,0,0,0,0
2005,Thailand,Myanmar,THA,MMR,116499,31573,0,0,0,0,0
2005,Thailand,Nepal,THA,NPL,40,67,0,0,0,0,0
2005,Thailand,Nigeria,THA,NGA,0,7,0,0,0,0,0
2005,Thailand,Rwanda,THA,RWA,5,0,0,0,0,0,0
2005,Thailand,"Sierra Leone",THA,SLE,0,5,0,0,0,0,0
2005,Thailand,Somalia,THA,SOM,14,5,0,0,0,0,0
2005,Thailand,"Viet Nam",THA,VNM,19,59,0,0,0,0,0
2005,Thailand,Sudan,THA,SDN,6,0,0,0,0,0,0
2005,Thailand,Uganda,THA,UGA,0,5,0,0,0,0,0
2005,Thailand,"Unknown ",THA,UNK,0,0,0,0,0,0,37
2006,Thailand,Cambodia,THA,KHM,84,92,0,0,0,0,0
2006,Thailand,China,THA,CHN,74,67,0,0,0,0,0
2006,Thailand,Cameroon,THA,CMR,0,5,0,0,0,0,0
2006,Thailand,"Dem. Rep. of the Congo",THA,COD,25,31,0,0,0,0,0
2006,Thailand,Ethiopia,THA,ETH,0,5,0,0,0,0,0
2006,Thailand,"State of Palestine",THA,PSE,12,46,0,0,0,0,0
2006,Thailand,"Cote d'Ivoire",THA,CIV,14,10,0,0,0,0,0
2006,Thailand,"Iran (Islamic Rep. of)",THA,IRN,20,19,0,0,0,0,0
2006,Thailand,Iraq,THA,IRQ,16,0,0,0,0,0,100
2006,Thailand,"Lao People's Dem. Rep.",THA,LAO,354,113,0,0,0,0,5
2006,Thailand,Liberia,THA,LBR,9,0,0,0,0,0,0
2006,Thailand,"Sri Lanka",THA,LKA,61,72,0,0,0,0,0
2006,Thailand,Myanmar,THA,MMR,132241,17863,0,0,0,0,0
2006,Thailand,Nepal,THA,NPL,67,45,0,0,0,0,0
2006,Thailand,Nigeria,THA,NGA,0,10,0,0,0,0,0
2006,Thailand,Pakistan,THA,PAK,5,0,0,0,0,0,0
2006,Thailand,Rwanda,THA,RWA,5,0,0,0,0,0,0
2006,Thailand,Somalia,THA,SOM,17,0,0,0,0,0,0
2006,Thailand,"Viet Nam",THA,VNM,93,28,0,0,0,0,0
2006,Thailand,Stateless,THA,XXA,5,0,0,0,0,0,0
2006,Thailand,Sudan,THA,SDN,5,0,0,0,0,0,0
2006,Thailand,"Unknown ",THA,UNK,0,0,0,0,0,0,183
2007,Thailand,Afghanistan,THA,AFG,5,0,0,0,0,0,0
2007,Thailand,Cambodia,THA,KHM,41,53,0,0,0,0,0
2007,Thailand,China,THA,CHN,147,60,0,0,0,0,0
2007,Thailand,Cameroon,THA,CMR,0,5,0,0,0,0,0
2007,Thailand,"Dem. Rep. of the Congo",THA,COD,26,8,0,0,0,0,0
2007,Thailand,Ethiopia,THA,ETH,0,8,0,0,0,0,0
2007,Thailand,"State of Palestine",THA,PSE,47,5,0,0,0,0,0
2007,Thailand,Guinea,THA,GIN,0,5,0,0,0,0,0
2007,Thailand,"Cote d'Ivoire",THA,CIV,19,0,0,0,0,0,0
2007,Thailand,"Iran (Islamic Rep. of)",THA,IRN,21,24,0,0,0,0,0
2007,Thailand,Iraq,THA,IRQ,49,79,0,0,0,0,0
2007,Thailand,"Lao People's Dem. Rep.",THA,LAO,417,80,0,0,0,0,0
2007,Thailand,Liberia,THA,LBR,5,0,0,0,0,0,0
2007,Thailand,"Sri Lanka",THA,LKA,173,249,0,0,0,0,0
2007,Thailand,Myanmar,THA,MMR,124562,12761,0,0,0,0,0
2007,Thailand,Nepal,THA,NPL,51,24,0,0,0,0,0
2007,Thailand,Nigeria,THA,NGA,0,5,0,0,0,0,0
2007,Thailand,Pakistan,THA,PAK,0,17,0,0,0,0,0
2007,Thailand,Rwanda,THA,RWA,5,5,0,0,0,0,0
2007,Thailand,Somalia,THA,SOM,17,51,0,0,0,0,0
2007,Thailand,"Viet Nam",THA,VNM,32,32,0,0,0,0,0
2007,Thailand,Sudan,THA,SDN,5,0,0,0,0,0,0
2007,Thailand,Zimbabwe,THA,ZWE,5,0,0,0,0,0,0
2008,Thailand,Burundi,THA,BDI,6,0,0,0,0,0,0
2008,Thailand,Bangladesh,THA,BGD,0,5,0,0,0,0,0
2008,Thailand,Cambodia,THA,KHM,56,28,0,0,0,0,0
2008,Thailand,China,THA,CHN,144,53,0,0,0,0,0
2008,Thailand,Cameroon,THA,CMR,0,5,0,0,0,0,0
2008,Thailand,"Dem. Rep. of the Congo",THA,COD,17,19,0,0,0,0,0
2008,Thailand,"State of Palestine",THA,PSE,26,6,0,0,0,0,0
2008,Thailand,"Cote d'Ivoire",THA,CIV,13,13,0,0,0,0,0
2008,Thailand,India,THA,IND,0,6,0,0,0,0,0
2008,Thailand,"Iran (Islamic Rep. of)",THA,IRN,15,17,0,0,0,0,0
2008,Thailand,Iraq,THA,IRQ,92,62,0,0,0,0,0
2008,Thailand,"Lao People's Dem. Rep.",THA,LAO,432,80,0,0,0,0,0
2008,Thailand,Liberia,THA,LBR,5,0,0,0,0,0,0
2008,Thailand,"Sri Lanka",THA,LKA,352,156,0,0,0,0,0
2008,Thailand,Myanmar,THA,MMR,111555,12009,0,0,0,0,0
2008,Thailand,Nepal,THA,NPL,38,0,0,0,0,0,0
2008,Thailand,Pakistan,THA,PAK,13,14,0,0,0,0,0
2008,Thailand,Rwanda,THA,RWA,5,0,0,0,0,0,0
2008,Thailand,"Sierra Leone",THA,SLE,0,5,0,0,0,0,0
2008,Thailand,Somalia,THA,SOM,123,30,0,0,0,0,0
2008,Thailand,"Viet Nam",THA,VNM,24,55,0,0,0,0,0
2008,Thailand,Stateless,THA,XXA,0,0,0,0,3500000,0,0
2009,Thailand,Cambodia,THA,KHM,47,53,0,0,0,0,0
2009,Thailand,China,THA,CHN,89,73,0,0,0,0,0
2009,Thailand,Cameroon,THA,CMR,0,6,0,0,0,0,0
2009,Thailand,"Dem. Rep. of the Congo",THA,COD,16,38,0,0,0,0,0
2009,Thailand,Ethiopia,THA,ETH,0,5,0,0,0,0,0
2009,Thailand,"State of Palestine",THA,PSE,18,5,0,0,0,0,0
2009,Thailand,Guinea,THA,GIN,0,13,0,0,0,0,0
2009,Thailand,"Cote d'Ivoire",THA,CIV,13,5,0,0,0,0,0
2009,Thailand,"Iran (Islamic Rep. of)",THA,IRN,9,24,0,0,0,0,0
2009,Thailand,Iraq,THA,IRQ,98,32,0,0,0,0,0
2009,Thailand,Kuwait,THA,KWT,0,5,0,0,0,0,0
2009,Thailand,"Lao People's Dem. Rep.",THA,LAO,271,75,0,0,0,0,0
2009,Thailand,"Sri Lanka",THA,LKA,410,472,0,0,0,0,0
2009,Thailand,Myanmar,THA,MMR,104107,8961,0,0,0,0,0
2009,Thailand,Nepal,THA,NPL,18,10,0,0,0,0,0
2009,Thailand,Pakistan,THA,PAK,25,292,0,0,0,0,0
2009,Thailand,Rwanda,THA,RWA,5,0,0,0,0,0,0
2009,Thailand,"Sierra Leone",THA,SLE,0,16,0,0,0,0,0
2009,Thailand,Somalia,THA,SOM,122,9,0,0,0,0,0
2009,Thailand,"Viet Nam",THA,VNM,38,146,0,0,0,0,0
2009,Thailand,Stateless,THA,XXA,0,0,0,0,3500000,0,0
2009,Thailand,Sudan,THA,SDN,0,5,0,0,0,0,0
2010,Thailand,Bangladesh,THA,BGD,0,7,0,0,0,0,0
2010,Thailand,Cambodia,THA,KHM,30,51,0,0,0,0,0
2010,Thailand,China,THA,CHN,61,85,0,0,0,0,0
2010,Thailand,"Dem. Rep. of the Congo",THA,COD,15,58,0,0,0,0,0
2010,Thailand,Ethiopia,THA,ETH,0,5,0,0,0,0,0
2010,Thailand,"State of Palestine",THA,PSE,14,5,0,0,0,0,0
2010,Thailand,Guinea,THA,GIN,0,20,0,0,0,0,0
2010,Thailand,"Cote d'Ivoire",THA,CIV,15,5,0,0,0,0,0
2010,Thailand,India,THA,IND,0,5,0,0,0,0,0
2010,Thailand,"Iran (Islamic Rep. of)",THA,IRN,13,28,0,0,0,0,0
2010,Thailand,Iraq,THA,IRQ,76,29,0,0,0,0,0
2010,Thailand,Kuwait,THA,KWT,0,5,0,0,0,0,0
2010,Thailand,"Lao People's Dem. Rep.",THA,LAO,149,8,0,0,0,0,0
2010,Thailand,Liberia,THA,LBR,0,19,0,0,0,0,0
2010,Thailand,"Sri Lanka",THA,LKA,350,364,0,0,0,0,0
2010,Thailand,Myanmar,THA,MMR,95718,8962,0,0,0,0,0
2010,Thailand,Nepal,THA,NPL,17,5,0,0,0,0,0
2010,Thailand,Nigeria,THA,NGA,0,5,0,0,0,0,0
2010,Thailand,Pakistan,THA,PAK,60,395,0,0,0,0,0
2010,Thailand,Rwanda,THA,RWA,5,0,0,0,0,0,0
2010,Thailand,Somalia,THA,SOM,122,17,0,0,0,0,0
2010,Thailand,"Viet Nam",THA,VNM,21,149,0,0,0,0,0
2010,Thailand,Stateless,THA,XXA,0,0,0,0,542505,0,0
2010,Thailand,Uganda,THA,UGA,0,6,0,0,0,0,0
2011,Thailand,Egypt,THA,EGY,0,6,0,0,0,0,0
2011,Thailand,Burundi,THA,BDI,0,5,0,0,0,0,0
2011,Thailand,Bangladesh,THA,BGD,0,9,0,0,0,0,0
2011,Thailand,Cambodia,THA,KHM,45,61,0,0,0,0,0
2011,Thailand,China,THA,CHN,83,101,0,0,0,0,0
2011,Thailand,Cameroon,THA,CMR,0,10,0,0,0,0,0
2011,Thailand,"Dem. Rep. of the Congo",THA,COD,12,59,0,0,0,0,0
2011,Thailand,Ethiopia,THA,ETH,0,6,0,0,0,0,0
2011,Thailand,"State of Palestine",THA,PSE,9,8,0,0,0,0,0
2011,Thailand,Guinea,THA,GIN,0,19,0,0,0,0,0
2011,Thailand,"Cote d'Ivoire",THA,CIV,15,7,0,0,0,0,0
2011,Thailand,"Iran (Islamic Rep. of)",THA,IRN,9,36,0,0,0,0,0
2011,Thailand,Iraq,THA,IRQ,79,22,0,0,0,0,0
2011,Thailand,Kuwait,THA,KWT,0,5,0,0,0,0,0
2011,Thailand,"Lao People's Dem. Rep.",THA,LAO,18,8,0,0,0,0,0
2011,Thailand,Liberia,THA,LBR,0,15,0,0,0,0,0
2011,Thailand,"Sri Lanka",THA,LKA,266,164,0,0,0,0,0
2011,Thailand,Myanmar,THA,MMR,88148,12395,0,0,0,0,0
2011,Thailand,Nepal,THA,NPL,18,9,0,0,0,0,0
2011,Thailand,Pakistan,THA,PAK,310,94,0,0,0,0,0
2011,Thailand,Rwanda,THA,RWA,5,0,0,0,0,0,0
2011,Thailand,Somalia,THA,SOM,142,26,0,0,0,0,0
2011,Thailand,"Viet Nam",THA,VNM,81,258,0,0,0,0,0
2011,Thailand,Stateless,THA,XXA,0,0,0,0,506197,0,0
2011,Thailand,"Syrian Arab Rep.",THA,SYR,0,8,0,0,0,0,0
2011,Thailand,Togo,THA,TGO,5,0,0,0,0,0,0
2012,Thailand,Afghanistan,THA,AFG,0,8,0,0,0,0,0
2012,Thailand,Egypt,THA,EGY,11,5,0,0,0,0,0
2012,Thailand,Cambodia,THA,KHM,84,31,0,0,0,0,0
2012,Thailand,China,THA,CHN,117,55,0,0,0,0,0
2012,Thailand,Cameroon,THA,CMR,0,5,0,0,0,0,0
2012,Thailand,"Dem. Rep. of the Congo",THA,COD,19,33,0,0,0,0,0
2012,Thailand,"State of Palestine",THA,PSE,20,66,0,0,0,0,0
2012,Thailand,"Cote d'Ivoire",THA,CIV,17,5,0,0,0,0,0
2012,Thailand,India,THA,IND,0,5,0,0,0,0,0
2012,Thailand,"Iran (Islamic Rep. of)",THA,IRN,24,71,0,0,0,0,0
2012,Thailand,Iraq,THA,IRQ,86,5,0,0,0,0,0
2012,Thailand,"Sri Lanka",THA,LKA,225,40,0,0,0,0,0
2012,Thailand,Myanmar,THA,MMR,83317,13460,0,0,0,0,0
2012,Thailand,Nepal,THA,NPL,15,8,0,0,0,0,0
2012,Thailand,Pakistan,THA,PAK,274,419,0,0,0,0,0
2012,Thailand,Rwanda,THA,RWA,5,0,0,0,0,0,0
2012,Thailand,Somalia,THA,SOM,136,18,0,0,0,0,0
2012,Thailand,"Viet Nam",THA,VNM,92,255,0,0,0,0,0
2012,Thailand,Stateless,THA,XXA,5,0,0,0,506197,0,0
2012,Thailand,Sudan,THA,SDN,8,0,0,0,0,0,0
2012,Thailand,"Syrian Arab Rep.",THA,SYR,10,60,0,0,0,0,0
2012,Thailand,Togo,THA,TGO,5,0,0,0,0,0,0
2012,Thailand,Uganda,THA,UGA,0,5,0,0,0,0,0
2012,Thailand,Yemen,THA,YEM,5,0,0,0,0,0,0
2013,Thailand,Afghanistan,THA,AFG,8,10,0,0,0,0,0
2013,Thailand,Egypt,THA,EGY,6,14,0,0,0,0,0
2013,Thailand,Cambodia,THA,KHM,59,61,0,0,0,0,0
2013,Thailand,China,THA,CHN,79,93,0,0,0,0,0
2013,Thailand,Cameroon,THA,CMR,0,7,0,0,0,0,0
2013,Thailand,"Dem. Rep. of the Congo",THA,COD,26,13,0,0,0,0,0
2013,Thailand,"State of Palestine",THA,PSE,120,513,0,0,0,0,0
2013,Thailand,"Cote d'Ivoire",THA,CIV,18,0,0,0,0,0,0
2013,Thailand,"Iran (Islamic Rep. of)",THA,IRN,29,102,0,0,0,0,0
2013,Thailand,Iraq,THA,IRQ,63,46,0,0,0,0,0
2013,Thailand,Jordan,THA,JOR,0,8,0,0,0,0,0
2013,Thailand,"Sri Lanka",THA,LKA,147,81,0,0,0,0,0
2013,Thailand,Myanmar,THA,MMR,135476,1662,0,0,0,0,216
2013,Thailand,Nepal,THA,NPL,13,7,0,0,0,0,0
2013,Thailand,Pakistan,THA,PAK,190,1501,0,0,0,0,0
2013,Thailand,Rwanda,THA,RWA,5,0,0,0,0,0,0
2013,Thailand,Somalia,THA,SOM,72,85,0,0,0,0,0
2013,Thailand,"Viet Nam",THA,VNM,119,317,0,0,0,0,0
2013,Thailand,Stateless,THA,XXA,5,0,0,0,506197,0,0
2013,Thailand,Sudan,THA,SDN,0,21,0,0,0,0,0
2013,Thailand,"Syrian Arab Rep.",THA,SYR,44,144,0,0,0,0,0
2013,Thailand,Togo,THA,TGO,5,0,0,0,0,0,0
2013,Thailand,Yemen,THA,YEM,5,0,0,0,0,0,0
2014,Thailand,Afghanistan,THA,AFG,8,45,0,0,0,0,0
2014,Thailand,Egypt,THA,EGY,5,16,0,0,0,0,0
2014,Thailand,Bahrain,THA,BHR,0,5,0,0,0,0,0
2014,Thailand,Bangladesh,THA,BGD,0,5,0,0,0,0,0
2014,Thailand,Cambodia,THA,KHM,65,84,0,0,0,0,0
2014,Thailand,China,THA,CHN,76,137,0,0,0,0,0
2014,Thailand,Cameroon,THA,CMR,0,14,0,0,0,0,0
2014,Thailand,"Dem. Rep. of the Congo",THA,COD,20,15,0,0,0,0,0
2014,Thailand,Eritrea,THA,ERI,0,6,0,0,0,0,0
2014,Thailand,Ethiopia,THA,ETH,0,19,0,0,0,0,0
2014,Thailand,"State of Palestine",THA,PSE,269,339,0,0,0,0,0
2014,Thailand,Guinea,THA,GIN,0,5,0,0,0,0,0
2014,Thailand,"Cote d'Ivoire",THA,CIV,20,5,0,0,0,0,0
2014,Thailand,India,THA,IND,0,20,0,0,0,0,0
2014,Thailand,"Iran (Islamic Rep. of)",THA,IRN,37,132,0,0,0,0,0
2014,Thailand,Iraq,THA,IRQ,58,151,0,0,0,0,0
2014,Thailand,Jordan,THA,JOR,5,5,0,0,0,0,0
2014,Thailand,Liberia,THA,LBR,0,77,0,0,0,0,0
2014,Thailand,Lebanon,THA,LBN,0,5,0,0,0,0,0
2014,Thailand,"Sri Lanka",THA,LKA,159,203,0,0,0,0,0
2014,Thailand,Malaysia,THA,MYS,0,5,0,0,0,0,0
2014,Thailand,Morocco,THA,MAR,0,5,0,0,0,0,0
2014,Thailand,Myanmar,THA,MMR,128863,746,0,0,0,0,395
2014,Thailand,Nepal,THA,NPL,12,7,0,0,0,0,0
2014,Thailand,Nigeria,THA,NGA,0,6,0,0,0,0,0
2014,Thailand,Pakistan,THA,PAK,362,4817,0,0,0,0,0
2014,Thailand,Philippines,THA,PHL,0,5,0,0,0,0,0
2014,Thailand,"Russian Federation",THA,RUS,0,5,0,0,0,0,0
2014,Thailand,Rwanda,THA,RWA,5,0,0,0,0,0,0
2014,Thailand,"Sierra Leone",THA,SLE,0,18,0,0,0,0,0
2014,Thailand,Somalia,THA,SOM,72,268,0,0,0,0,0
2014,Thailand,"Viet Nam",THA,VNM,99,536,0,0,0,0,0
2014,Thailand,Stateless,THA,XXA,0,0,0,0,506197,0,0
2014,Thailand,Sudan,THA,SDN,0,24,0,0,0,0,0
2014,Thailand,"Syrian Arab Rep.",THA,SYR,82,168,0,0,0,0,0
2014,Thailand,Togo,THA,TGO,5,5,0,0,0,0,0
2014,Thailand,Uzbekistan,THA,UZB,0,5,0,0,0,0,0
2014,Thailand,Yemen,THA,YEM,5,9,0,0,0,0,0
2015,Thailand,Afghanistan,THA,AFG,16,48,0,0,0,0,0
2015,Thailand,Egypt,THA,EGY,5,13,0,0,0,0,0
2015,Thailand,Bangladesh,THA,BGD,0,9,0,0,0,0,0
2015,Thailand,Cambodia,THA,KHM,82,85,0,0,0,0,0
2015,Thailand,China,THA,CHN,112,122,0,0,0,0,0
2015,Thailand,Cameroon,THA,CMR,0,10,0,0,0,0,0
2015,Thailand,"Dem. Rep. of the Congo",THA,COD,23,20,0,0,0,0,0
2015,Thailand,Eritrea,THA,ERI,0,7,0,0,0,0,0
2015,Thailand,Ethiopia,THA,ETH,5,23,0,0,0,0,0
2015,Thailand,Gambia,THA,GMB,0,5,0,0,0,0,0
2015,Thailand,"State of Palestine",THA,PSE,409,138,0,0,0,0,0
2015,Thailand,"Cote d'Ivoire",THA,CIV,19,5,0,0,0,0,0
2015,Thailand,India,THA,IND,0,25,0,0,0,0,0
2015,Thailand,"Iran (Islamic Rep. of)",THA,IRN,31,134,0,0,0,0,0
2015,Thailand,Iraq,THA,IRQ,75,213,0,0,0,0,0
2015,Thailand,Jordan,THA,JOR,5,5,0,0,0,0,0
2015,Thailand,"Lao People's Dem. Rep.",THA,LAO,0,5,0,0,0,0,0
2015,Thailand,Liberia,THA,LBR,0,11,0,0,0,0,0
2015,Thailand,"Sri Lanka",THA,LKA,152,153,0,0,0,0,0
2015,Thailand,Myanmar,THA,MMR,106349,1189,0,0,0,0,438
2015,Thailand,Nepal,THA,NPL,11,10,0,0,0,0,0
2015,Thailand,Nigeria,THA,NGA,0,10,0,0,0,0,0
2015,Thailand,Pakistan,THA,PAK,554,4710,0,0,0,0,0
2015,Thailand,Philippines,THA,PHL,0,5,0,0,0,0,0
2015,Thailand,"Russian Federation",THA,RUS,0,5,0,0,0,0,0
2015,Thailand,Senegal,THA,SEN,0,5,0,0,0,0,0
2015,Thailand,"Sierra Leone",THA,SLE,0,7,0,0,0,0,0
2015,Thailand,Somalia,THA,SOM,81,414,0,0,0,0,0
2015,Thailand,"Viet Nam",THA,VNM,201,568,0,0,0,0,0
2015,Thailand,Stateless,THA,XXA,0,0,0,0,443862,0,0
2015,Thailand,Sudan,THA,SDN,7,20,0,0,0,0,0
2015,Thailand,"Syrian Arab Rep.",THA,SYR,95,243,0,0,0,0,0
2015,Thailand,"United Rep. of Tanzania",THA,TZA,5,0,0,0,0,0,0
2015,Thailand,Togo,THA,TGO,5,0,0,0,0,0,0
2015,Thailand,Uzbekistan,THA,UZB,5,6,0,0,0,0,0
2015,Thailand,Yemen,THA,YEM,5,25,0,0,0,0,0
2016,Thailand,Afghanistan,THA,AFG,54,17,0,0,0,0,0
2016,Thailand,Egypt,THA,EGY,6,21,0,0,0,0,0
2016,Thailand,Bangladesh,THA,BGD,0,5,0,0,0,0,0
2016,Thailand,Cambodia,THA,KHM,110,120,0,0,0,0,0
2016,Thailand,China,THA,CHN,161,53,0,0,0,0,0
2016,Thailand,Cameroon,THA,CMR,0,5,0,0,0,0,0
2016,Thailand,"Dem. Rep. of the Congo",THA,COD,27,9,0,0,0,0,0
2016,Thailand,Eritrea,THA,ERI,5,0,0,0,0,0,0
2016,Thailand,Ethiopia,THA,ETH,6,32,0,0,0,0,0
2016,Thailand,"State of Palestine",THA,PSE,453,31,0,0,0,0,0
2016,Thailand,Guinea,THA,GIN,0,10,0,0,0,0,0
2016,Thailand,"Cote d'Ivoire",THA,CIV,16,0,0,0,0,0,0
2016,Thailand,India,THA,IND,0,25,0,0,0,0,0
2016,Thailand,"Iran (Islamic Rep. of)",THA,IRN,29,128,0,0,0,0,0
2016,Thailand,Iraq,THA,IRQ,220,82,0,0,0,0,0
2016,Thailand,Jordan,THA,JOR,5,0,0,0,0,0,0
2016,Thailand,"Lao People's Dem. Rep.",THA,LAO,0,7,0,0,0,0,0
2016,Thailand,Liberia,THA,LBR,0,5,0,0,0,0,0
2016,Thailand,"Sri Lanka",THA,LKA,138,105,0,0,0,0,0
2016,Thailand,Malaysia,THA,MYS,0,5,0,0,0,0,0
2016,Thailand,Myanmar,THA,MMR,102633,826,0,0,0,0,261
2016,Thailand,Nepal,THA,NPL,12,7,0,0,0,0,0
2016,Thailand,Nigeria,THA,NGA,0,12,0,0,0,0,0
2016,Thailand,Pakistan,THA,PAK,1825,2648,0,0,0,0,0
2016,Thailand,Philippines,THA,PHL,0,5,0,0,0,0,0
2016,Thailand,"Russian Federation",THA,RUS,0,10,0,0,0,0,0
2016,Thailand,Somalia,THA,SOM,156,234,0,0,0,0,0
2016,Thailand,"Viet Nam",THA,VNM,264,525,0,0,0,0,0
2016,Thailand,Stateless,THA,XXA,0,0,0,0,487741,0,0
2016,Thailand,Sudan,THA,SDN,14,0,0,0,0,0,0
2016,Thailand,"Syrian Arab Rep.",THA,SYR,268,42,0,0,0,0,0
2016,Thailand,"United Rep. of Tanzania",THA,TZA,5,0,0,0,0,0,0
2016,Thailand,Togo,THA,TGO,5,0,0,0,0,0,0
2016,Thailand,Uzbekistan,THA,UZB,0,7,0,0,0,0,0
2016,Thailand,Yemen,THA,YEM,19,10,0,0,0,0,0
2017,Thailand,Afghanistan,THA,AFG,88,5,0,0,0,0,0
2017,Thailand,Egypt,THA,EGY,16,13,0,0,0,0,0
2017,Thailand,Bangladesh,THA,BGD,0,5,0,0,0,0,0
2017,Thailand,Cambodia,THA,KHM,166,167,0,0,0,0,0
2017,Thailand,China,THA,CHN,179,27,0,0,0,0,0
2017,Thailand,"Dem. Rep. of the Congo",THA,COD,33,8,0,0,0,0,0
2017,Thailand,Eritrea,THA,ERI,8,0,0,0,0,0,0
2017,Thailand,Ethiopia,THA,ETH,13,25,0,0,0,0,0
2017,Thailand,"State of Palestine",THA,PSE,413,16,0,0,0,0,0
2017,Thailand,Guinea,THA,GIN,0,5,0,0,0,0,0
2017,Thailand,"Cote d'Ivoire",THA,CIV,16,0,0,0,0,0,0
2017,Thailand,"Iran (Islamic Rep. of)",THA,IRN,57,77,0,0,0,0,0
2017,Thailand,Iraq,THA,IRQ,305,26,0,0,0,0,0
2017,Thailand,Jordan,THA,JOR,5,0,0,0,0,0,0
2017,Thailand,"Lao People's Dem. Rep.",THA,LAO,0,12,0,0,0,0,0
2017,Thailand,"Sri Lanka",THA,LKA,156,55,0,0,0,0,0
2017,Thailand,Myanmar,THA,MMR,99982,254,0,0,0,0,109
2017,Thailand,Nepal,THA,NPL,11,0,0,0,0,0,0
2017,Thailand,Nigeria,THA,NGA,0,5,0,0,0,0,0
2017,Thailand,Pakistan,THA,PAK,2075,722,0,0,0,0,0
2017,Thailand,"Russian Federation",THA,RUS,5,5,0,0,0,0,0
2017,Thailand,Somalia,THA,SOM,223,134,0,0,0,0,0
2017,Thailand,"Viet Nam",THA,VNM,450,471,0,0,0,0,0
2017,Thailand,Stateless,THA,XXA,0,0,0,0,486440,0,0
2017,Thailand,Sudan,THA,SDN,14,0,0,0,0,0,0
2017,Thailand,"Syrian Arab Rep.",THA,SYR,327,9,0,0,0,0,0
2017,Thailand,"United Rep. of Tanzania",THA,TZA,5,0,0,0,0,0,0
2017,Thailand,Togo,THA,TGO,5,0,0,0,0,0,0
2017,Thailand,Ukraine,THA,UKR,5,0,0,0,0,0,0
2017,Thailand,Uzbekistan,THA,UZB,0,5,0,0,0,0,0
2017,Thailand,Yemen,THA,YEM,40,0,0,0,0,0,0
2017,Thailand,Zimbabwe,THA,ZWE,8,0,0,0,0,0,0
2018,Thailand,Afghanistan,THA,AFG,136,11,0,0,0,0,0
2018,Thailand,Egypt,THA,EGY,15,6,0,0,0,0,0
2018,Thailand,Cambodia,THA,KHM,203,135,0,0,0,0,0
2018,Thailand,China,THA,CHN,186,14,0,0,0,0,0
2018,Thailand,Cameroon,THA,CMR,0,10,0,0,0,0,0
2018,Thailand,"Dem. Rep. of the Congo",THA,COD,21,5,0,0,0,0,0
2018,Thailand,Eritrea,THA,ERI,7,0,0,0,0,0,0
2018,Thailand,Ethiopia,THA,ETH,13,13,0,0,0,0,0
2018,Thailand,"State of Palestine",THA,PSE,377,6,0,0,0,0,0
2018,Thailand,Guinea,THA,GIN,0,5,0,0,0,0,0
2018,Thailand,"Cote d'Ivoire",THA,CIV,15,0,0,0,0,0,0
2018,Thailand,"Iran (Islamic Rep. of)",THA,IRN,63,43,0,0,0,0,0
2018,Thailand,Iraq,THA,IRQ,248,26,0,0,0,0,0
2018,Thailand,Jordan,THA,JOR,5,0,0,0,0,0,0
2018,Thailand,"Lao People's Dem. Rep.",THA,LAO,5,0,0,0,0,0,0
2018,Thailand,"Sri Lanka",THA,LKA,137,31,0,0,0,0,0
2018,Thailand,Myanmar,THA,MMR,97603,0,0,0,0,0,98
2018,Thailand,Nepal,THA,NPL,10,0,0,0,0,0,0
2018,Thailand,Pakistan,THA,PAK,1942,114,0,0,0,0,0
2018,Thailand,"Russian Federation",THA,RUS,5,6,0,0,0,0,0
2018,Thailand,Somalia,THA,SOM,230,39,0,0,0,0,0
2018,Thailand,"Viet Nam",THA,VNM,682,448,0,0,0,0,0
2018,Thailand,Stateless,THA,XXA,0,0,0,0,478843,0,0
2018,Thailand,Sudan,THA,SDN,12,5,0,0,0,0,0
2018,Thailand,"Syrian Arab Rep.",THA,SYR,276,7,0,0,0,0,0
2018,Thailand,"United Rep. of Tanzania",THA,TZA,5,0,0,0,0,0,0
2018,Thailand,Togo,THA,TGO,6,0,0,0,0,0,0
2018,Thailand,Türkiye,THA,TUR,0,5,0,0,0,0,0
2018,Thailand,Uzbekistan,THA,UZB,0,5,0,0,0,0,0
2018,Thailand,Yemen,THA,YEM,32,0,0,0,0,0,0
2019,Thailand,Afghanistan,THA,AFG,134,18,0,0,0,0,0
2019,Thailand,Egypt,THA,EGY,16,10,0,0,0,0,0
2019,Thailand,Cambodia,THA,KHM,228,93,0,0,0,0,0
2019,Thailand,China,THA,CHN,174,14,0,0,0,0,0
2019,Thailand,Cameroon,THA,CMR,29,22,0,0,0,0,0
2019,Thailand,"Dem. Rep. of the Congo",THA,COD,19,0,0,0,0,0,0
2019,Thailand,Eritrea,THA,ERI,5,0,0,0,0,0,0
2019,Thailand,Ethiopia,THA,ETH,20,10,0,0,0,0,0
2019,Thailand,"State of Palestine",THA,PSE,310,5,0,0,0,0,0
2019,Thailand,Guinea,THA,GIN,0,5,0,0,0,0,0
2019,Thailand,"Cote d'Ivoire",THA,CIV,17,0,0,0,0,0,0
2019,Thailand,India,THA,IND,0,5,0,0,0,0,0
2019,Thailand,"Iran (Islamic Rep. of)",THA,IRN,69,36,0,0,0,0,0
2019,Thailand,Iraq,THA,IRQ,177,5,0,0,0,0,0
2019,Thailand,Jordan,THA,JOR,5,0,0,0,0,0,0
2019,Thailand,"Lao People's Dem. Rep.",THA,LAO,6,0,0,0,0,0,0
2019,Thailand,"Sri Lanka",THA,LKA,131,24,0,0,0,0,0
2019,Thailand,Myanmar,THA,MMR,93335,13,0,0,0,0,119
2019,Thailand,Nepal,THA,NPL,6,0,0,0,0,0,0
2019,Thailand,Pakistan,THA,PAK,1667,111,0,0,0,0,0
2019,Thailand,Somalia,THA,SOM,200,24,0,0,0,0,0
2019,Thailand,"Viet Nam",THA,VNM,744,420,0,0,0,0,0
2019,Thailand,Stateless,THA,XXA,0,0,0,0,475007,0,0
2019,Thailand,Sudan,THA,SDN,5,0,0,0,0,0,0
2019,Thailand,"Syrian Arab Rep.",THA,SYR,217,8,0,0,0,0,0
2019,Thailand,"United Rep. of Tanzania",THA,TZA,5,0,0,0,0,0,0
2019,Thailand,Türkiye,THA,TUR,0,5,0,0,0,0,0
2019,Thailand,Yemen,THA,YEM,37,0,0,0,0,0,0
2019,Thailand,Zimbabwe,THA,ZWE,0,9,0,0,0,0,0
2020,Thailand,Afghanistan,THA,AFG,160,18,0,0,0,0,0
2020,Thailand,Egypt,THA,EGY,20,0,0,0,0,0,0
2020,Thailand,Cambodia,THA,KHM,260,112,0,0,0,0,0
2020,Thailand,China,THA,CHN,177,17,0,0,0,0,0
2020,Thailand,Cameroon,THA,CMR,46,10,0,0,0,0,0
2020,Thailand,"Dem. Rep. of the Congo",THA,COD,18,5,0,0,0,0,0
2020,Thailand,Ethiopia,THA,ETH,18,10,0,0,0,0,0
2020,Thailand,"State of Palestine",THA,PSE,290,5,0,0,0,0,0
2020,Thailand,Guinea,THA,GIN,0,5,0,0,0,0,0
2020,Thailand,"Cote d'Ivoire",THA,CIV,18,0,0,0,0,0,0
2020,Thailand,"Iran (Islamic Rep. of)",THA,IRN,76,38,0,0,0,0,0
2020,Thailand,Iraq,THA,IRQ,168,5,0,0,0,0,0
2020,Thailand,Jordan,THA,JOR,5,0,0,0,0,0,0
2020,Thailand,"Lao People's Dem. Rep.",THA,LAO,8,0,0,0,0,0,0
2020,Thailand,"Sri Lanka",THA,LKA,119,16,0,0,0,0,0
2020,Thailand,Myanmar,THA,MMR,91805,0,0,0,0,0,146
2020,Thailand,Nepal,THA,NPL,5,0,0,0,0,0,0
2020,Thailand,Nigeria,THA,NGA,5,0,0,0,0,0,0
2020,Thailand,Pakistan,THA,PAK,1662,104,0,0,0,0,0
2020,Thailand,Somalia,THA,SOM,208,11,0,0,0,0,0
2020,Thailand,"Viet Nam",THA,VNM,834,485,0,0,0,0,0
2020,Thailand,Stateless,THA,XXA,0,0,0,0,480695,0,0
2020,Thailand,"Syrian Arab Rep.",THA,SYR,226,6,0,0,0,0,0
2020,Thailand,"United Rep. of Tanzania",THA,TZA,5,0,0,0,0,0,0
2020,Thailand,Yemen,THA,YEM,37,5,0,0,0,0,0
2020,Thailand,Zimbabwe,THA,ZWE,9,0,0,0,0,0,0
2021,Thailand,Afghanistan,THA,AFG,168,5,0,0,0,0,0
2021,Thailand,Egypt,THA,EGY,17,0,0,0,0,0,0
2021,Thailand,Cambodia,THA,KHM,317,85,0,0,0,0,0
2021,Thailand,China,THA,CHN,181,13,0,0,0,0,0
2021,Thailand,Cameroon,THA,CMR,53,15,0,0,0,0,0
2021,Thailand,"Dem. Rep. of the Congo",THA,COD,20,0,0,0,0,0,0
2021,Thailand,Ethiopia,THA,ETH,12,5,0,0,0,0,0
2021,Thailand,"State of Palestine",THA,PSE,265,5,0,0,0,0,0
2021,Thailand,Guinea,THA,GIN,0,5,0,0,0,0,0
2021,Thailand,"Cote d'Ivoire",THA,CIV,18,0,0,0,0,0,0
2021,Thailand,"Iran (Islamic Rep. of)",THA,IRN,87,14,0,0,0,0,0
2021,Thailand,Iraq,THA,IRQ,157,0,0,0,0,0,0
2021,Thailand,Jordan,THA,JOR,5,0,0,0,0,0,0
2021,Thailand,"Lao People's Dem. Rep.",THA,LAO,8,0,0,0,0,0,0
2021,Thailand,"Sri Lanka",THA,LKA,106,19,0,0,0,0,0
2021,Thailand,Morocco,THA,MAR,0,5,0,0,0,0,0
2021,Thailand,Myanmar,THA,MMR,96086,0,0,0,0,0,198
2021,Thailand,Nepal,THA,NPL,5,0,0,0,0,0,0
2021,Thailand,Nigeria,THA,NGA,5,11,0,0,0,0,0
2021,Thailand,Pakistan,THA,PAK,1578,84,0,0,0,0,0
2021,Thailand,Somalia,THA,SOM,196,10,0,0,0,0,0
2021,Thailand,"Viet Nam",THA,VNM,961,396,0,0,0,0,0
2021,Thailand,Stateless,THA,XXA,0,0,0,0,561527,0,0
2021,Thailand,"Syrian Arab Rep.",THA,SYR,215,5,0,0,0,0,0
2021,Thailand,"United Rep. of Tanzania",THA,TZA,5,0,0,0,0,0,0
2021,Thailand,Yemen,THA,YEM,36,0,0,0,0,0,0
2021,Thailand,Zimbabwe,THA,ZWE,9,0,0,0,0,0,0
2024,Thailand,Afghanistan,THA,AFG,95,91,0,0,0,0,0
2024,Thailand,Egypt,THA,EGY,15,5,0,0,0,0,0
2024,Thailand,Cambodia,THA,KHM,269,150,0,0,0,0,0
2024,Thailand,China,THA,CHN,128,64,0,0,0,0,0
2024,Thailand,Cameroon,THA,CMR,89,45,0,0,0,0,0
2024,Thailand,"Dem. Rep. of the Congo",THA,COD,12,5,0,0,0,0,0
2024,Thailand,Ethiopia,THA,ETH,19,61,0,0,0,0,0
2024,Thailand,"State of Palestine",THA,PSE,132,5,0,0,0,0,0
2024,Thailand,Guinea,THA,GIN,0,5,0,0,0,0,0
2024,Thailand,"Cote d'Ivoire",THA,CIV,17,0,0,0,0,0,0
2024,Thailand,India,THA,IND,0,5,0,0,0,0,0
2024,Thailand,"Iran (Islamic Rep. of)",THA,IRN,66,17,0,0,0,0,0
2024,Thailand,Iraq,THA,IRQ,96,6,0,0,0,0,0
2024,Thailand,Jordan,THA,JOR,0,5,0,0,0,0,0
2024,Thailand,Kuwait,THA,KWT,6,0,0,0,0,0,0
2024,Thailand,"Lao People's Dem. Rep.",THA,LAO,5,7,0,0,0,0,0
2024,Thailand,"Sri Lanka",THA,LKA,67,36,0,0,0,0,0
2024,Thailand,Morocco,THA,MAR,5,0,0,0,0,0,0
2024,Thailand,Myanmar,THA,MMR,81005,0,0,0,0,0,513
2024,Thailand,Nepal,THA,NPL,5,0,0,0,0,0,0
2024,Thailand,Nigeria,THA,NGA,0,18,0,0,0,0,0
2024,Thailand,Pakistan,THA,PAK,1157,710,0,0,0,0,0
2024,Thailand,"Russian Federation",THA,RUS,0,14,0,0,0,0,0
2024,Thailand,Somalia,THA,SOM,117,33,0,0,0,0,0
2024,Thailand,"Viet Nam",THA,VNM,899,1278,0,0,0,0,0
2024,Thailand,Stateless,THA,XXA,0,0,0,0,612524,0,0
2024,Thailand,Sudan,THA,SDN,11,11,0,0,0,0,0
2024,Thailand,"Syrian Arab Rep.",THA,SYR,173,17,0,0,0,0,0
2024,Thailand,Uganda,THA,UGA,5,5,0,0,0,0,0
2024,Thailand,Yemen,THA,YEM,28,11,0,0,0,0,0
2023,Thailand,Afghanistan,THA,AFG,119,23,0,0,0,0,0
2023,Thailand,Egypt,THA,EGY,14,5,0,0,0,0,0
2023,Thailand,Cambodia,THA,KHM,274,169,0,0,0,0,0
2023,Thailand,China,THA,CHN,140,73,0,0,0,0,0
2023,Thailand,Cameroon,THA,CMR,63,67,0,0,0,0,0
2023,Thailand,"Dem. Rep. of the Congo",THA,COD,14,5,0,0,0,0,0
2023,Thailand,Ethiopia,THA,ETH,17,41,0,0,0,0,0
2023,Thailand,"State of Palestine",THA,PSE,147,0,0,0,0,0,0
2023,Thailand,"Cote d'Ivoire",THA,CIV,17,0,0,0,0,0,0
2023,Thailand,"Iran (Islamic Rep. of)",THA,IRN,74,9,0,0,0,0,0
2023,Thailand,Iraq,THA,IRQ,100,0,0,0,0,0,0
2023,Thailand,Jordan,THA,JOR,0,5,0,0,0,0,0
2023,Thailand,"Lao People's Dem. Rep.",THA,LAO,5,0,0,0,0,0,0
2023,Thailand,"Sri Lanka",THA,LKA,72,20,0,0,0,0,0
2023,Thailand,Morocco,THA,MAR,5,0,0,0,0,0,0
2023,Thailand,Myanmar,THA,MMR,83821,0,0,0,0,0,584
2023,Thailand,Nepal,THA,NPL,5,0,0,0,0,0,0
2023,Thailand,Nigeria,THA,NGA,0,15,0,0,0,0,0
2023,Thailand,Pakistan,THA,PAK,1127,487,0,0,0,0,0
2023,Thailand,"Russian Federation",THA,RUS,0,5,0,0,0,0,0
2023,Thailand,Somalia,THA,SOM,126,20,0,0,0,0,0
2023,Thailand,"Viet Nam",THA,VNM,970,701,0,0,0,0,0
2023,Thailand,Stateless,THA,XXA,0,0,0,0,587132,0,0
2023,Thailand,Sudan,THA,SDN,7,5,0,0,0,0,0
2023,Thailand,"Syrian Arab Rep.",THA,SYR,165,13,0,0,0,0,0
2023,Thailand,Uganda,THA,UGA,0,5,0,0,0,0,0
2023,Thailand,Yemen,THA,YEM,27,6,0,0,0,0,0
2023,Thailand,Zimbabwe,THA,ZWE,5,0,0,0,0,0,0
2022,Thailand,Afghanistan,THA,AFG,128,18,0,0,0,0,0
2022,Thailand,Egypt,THA,EGY,18,0,0,0,0,0,0
2022,Thailand,Cambodia,THA,KHM,239,104,0,0,0,0,0
2022,Thailand,China,THA,CHN,172,79,0,0,0,0,0
2022,Thailand,Cameroon,THA,CMR,60,19,0,0,0,0,0
2022,Thailand,"Dem. Rep. of the Congo",THA,COD,18,5,0,0,0,0,0
2022,Thailand,Ethiopia,THA,ETH,10,12,0,0,0,0,0
2022,Thailand,"State of Palestine",THA,PSE,186,6,0,0,0,0,0
2022,Thailand,Guinea,THA,GIN,0,5,0,0,0,0,0
2022,Thailand,"Cote d'Ivoire",THA,CIV,18,0,0,0,0,0,0
2022,Thailand,"Iran (Islamic Rep. of)",THA,IRN,82,10,0,0,0,0,0
2022,Thailand,Iraq,THA,IRQ,139,12,0,0,0,0,0
2022,Thailand,"Lao People's Dem. Rep.",THA,LAO,6,5,0,0,0,0,0
2022,Thailand,Lebanon,THA,LBN,0,5,0,0,0,0,0
2022,Thailand,"Sri Lanka",THA,LKA,100,15,0,0,0,0,0
2022,Thailand,Morocco,THA,MAR,5,5,0,0,0,0,0
2022,Thailand,Myanmar,THA,MMR,90619,0,0,0,0,0,321
2022,Thailand,Nepal,THA,NPL,5,0,0,0,0,0,0
2022,Thailand,Nigeria,THA,NGA,5,12,0,0,0,0,0
2022,Thailand,Pakistan,THA,PAK,1270,183,0,0,0,0,0
2022,Thailand,"Russian Federation",THA,RUS,5,0,0,0,0,0,0
2022,Thailand,Somalia,THA,SOM,160,5,0,0,0,0,0
2022,Thailand,"Viet Nam",THA,VNM,969,410,0,0,0,0,0
2022,Thailand,Stateless,THA,XXA,0,0,0,0,574219,0,0
2022,Thailand,Sudan,THA,SDN,0,5,0,0,0,0,0
2022,Thailand,"Syrian Arab Rep.",THA,SYR,208,6,0,0,0,0,0
2022,Thailand,"United Rep. of Tanzania",THA,TZA,5,0,0,0,0,0,0
2022,Thailand,Yemen,THA,YEM,36,5,0,0,0,0,0
2022,Thailand,Zimbabwe,THA,ZWE,9,0,0,0,0,0,0
2025,Thailand,Afghanistan,THA,AFG,142,189,0,0,0,0,0
2025,Thailand,Egypt,THA,EGY,15,0,0,0,0,0,0
2025,Thailand,Cambodia,THA,KHM,297,70,0,0,0,0,0
2025,Thailand,China,THA,CHN,131,52,0,0,0,0,0
2025,Thailand,Cameroon,THA,CMR,99,18,0,0,0,0,0
2025,Thailand,"Dem. Rep. of the Congo",THA,COD,13,7,0,0,0,0,0
2025,Thailand,Ethiopia,THA,ETH,20,64,0,0,0,0,0
2025,Thailand,"State of Palestine",THA,PSE,128,5,0,0,0,0,0
2025,Thailand,Guinea,THA,GIN,9,0,0,0,0,0,0
2025,Thailand,"Cote d'Ivoire",THA,CIV,17,0,0,0,0,0,0
2025,Thailand,"Iran (Islamic Rep. of)",THA,IRN,67,13,0,0,0,0,0
2025,Thailand,Iraq,THA,IRQ,100,7,0,0,0,0,0
2025,Thailand,Jordan,THA,JOR,0,5,0,0,0,0,0
2025,Thailand,Kuwait,THA,KWT,6,0,0,0,0,0,0
2025,Thailand,"Lao People's Dem. Rep.",THA,LAO,6,0,0,0,0,0,0
2025,Thailand,"Sri Lanka",THA,LKA,70,28,0,0,0,0,0
2025,Thailand,Morocco,THA,MAR,5,5,0,0,0,0,0
2025,Thailand,Myanmar,THA,MMR,80411,0,0,0,0,0,464
2025,Thailand,Nepal,THA,NPL,5,0,0,0,0,0,0
2025,Thailand,Nigeria,THA,NGA,0,10,0,0,0,0,0
2025,Thailand,Pakistan,THA,PAK,1182,934,0,0,0,0,0
2025,Thailand,"Russian Federation",THA,RUS,0,12,0,0,0,0,0
2025,Thailand,Somalia,THA,SOM,122,52,0,0,0,0,0
2025,Thailand,"Viet Nam",THA,VNM,940,1356,0,0,0,0,0
2025,Thailand,Stateless,THA,XXA,0,0,0,0,610791,0,0
2025,Thailand,Sudan,THA,SDN,18,6,0,0,0,0,0
2025,Thailand,"Syrian Arab Rep.",THA,SYR,184,31,0,0,0,0,0
2025,Thailand,Uganda,THA,UGA,0,5,0,0,0,0,0
2025,Thailand,Yemen,THA,YEM,30,11,0,0,0,0,0
