Year,"Country of Asylum","Country of Origin","Country of Resettlement","Country of Asylum ISO","Country of Origin ISO","Country of Resettlement ISO",Cases,Persons,Month
2003,Thailand,Indonesia,Denmark,THA,IDN,DNK,3,5,"January - December"
2003,Thailand,Iraq,"New Zealand",THA,IRQ,NZL,10,17,"January - December"
2003,Thailand,Iraq,"United States of America",THA,IRQ,USA,3,6,"January - December"
2003,Thailand,Myanmar,Australia,THA,MMR,AUS,7,15,"January - December"
2003,Thailand,Myanmar,Canada,THA,MMR,CAN,17,26,"January - December"
2003,Thailand,Myanmar,"Netherlands (Kingdom of the)",THA,MMR,NLD,8,8,"January - December"
2003,Thailand,Myanmar,Norway,THA,MMR,NOR,10,26,"January - December"
2003,Thailand,Myanmar,"New Zealand",THA,MMR,NZL,7,8,"January - December"
2003,Thailand,Myanmar,"United States of America",THA,MMR,USA,65,132,"January - December"
2003,Thailand,"Unknown ",Australia,THA,UNK,AUS,4,4,"January - December"
2003,Thailand,"Unknown ",Canada,THA,UNK,CAN,21,46,"January - December"
2003,Thailand,"Unknown ",Denmark,THA,UNK,DNK,52,82,"January - December"
2003,Thailand,"Unknown ",Finland,THA,UNK,FIN,3,3,"January - December"
2003,Thailand,"Unknown ","United Kingdom of Great Britain and Northern Ireland",THA,UNK,GBR,2,2,"January - December"
2003,Thailand,"Unknown ","Netherlands (Kingdom of the)",THA,UNK,NLD,11,12,"January - December"
2003,Thailand,"Unknown ",Norway,THA,UNK,NOR,32,49,"January - December"
2003,Thailand,"Unknown ","New Zealand",THA,UNK,NZL,21,35,"January - December"
2003,Thailand,"Unknown ",Sweden,THA,UNK,SWE,15,21,"January - December"
2003,Thailand,"Unknown ","United States of America",THA,UNK,USA,15,31,"January - December"
2004,Thailand,Iraq,Canada,THA,IRQ,CAN,5,7,"January - December"
2004,Thailand,Myanmar,Australia,THA,MMR,AUS,23,52,"January - December"
2004,Thailand,Myanmar,Canada,THA,MMR,CAN,19,32,"January - December"
2004,Thailand,Myanmar,Denmark,THA,MMR,DNK,71,137,"January - December"
2004,Thailand,Myanmar,"United Kingdom of Great Britain and Northern Ireland",THA,MMR,GBR,29,83,"January - December"
2004,Thailand,Myanmar,Norway,THA,MMR,NOR,372,793,"January - December"
2004,Thailand,Myanmar,"New Zealand",THA,MMR,NZL,3,5,"January - December"
2004,Thailand,Myanmar,Sweden,THA,MMR,SWE,66,177,"January - December"
2004,Thailand,Myanmar,"United States of America",THA,MMR,USA,1830,3531,"January - December"
2004,Thailand,"Viet Nam","United States of America",THA,VNM,USA,11,15,"January - December"
2004,Thailand,"Unknown ",Australia,THA,UNK,AUS,4,13,"January - December"
2004,Thailand,"Unknown ",Canada,THA,UNK,CAN,13,24,"January - December"
2004,Thailand,"Unknown ",Denmark,THA,UNK,DNK,21,32,"January - December"
2004,Thailand,"Unknown ",Finland,THA,UNK,FIN,9,30,"January - December"
2004,Thailand,"Unknown ","United Kingdom of Great Britain and Northern Ireland",THA,UNK,GBR,2,2,"January - December"
2004,Thailand,"Unknown ","Netherlands (Kingdom of the)",THA,UNK,NLD,12,20,"January - December"
2004,Thailand,"Unknown ",Norway,THA,UNK,NOR,25,50,"January - December"
2004,Thailand,"Unknown ",Sweden,THA,UNK,SWE,32,46,"January - December"
2004,Thailand,"Unknown ","United States of America",THA,UNK,USA,20,33,"January - December"
2005,Thailand,"Dem. Rep. of the Congo",Canada,THA,COD,CAN,3,5,"January - December"
2005,Thailand,"Dem. Rep. of the Congo",Finland,THA,COD,FIN,7,13,"January - December"
2005,Thailand,"Dem. Rep. of the Congo",Sweden,THA,COD,SWE,3,5,"January - December"
2005,Thailand,"Iran (Islamic Rep. of)","United States of America",THA,IRN,USA,3,6,"January - December"
2005,Thailand,Iraq,Finland,THA,IRQ,FIN,4,8,"January - December"
2005,Thailand,Iraq,"United States of America",THA,IRQ,USA,7,11,"January - December"
2005,Thailand,Myanmar,Australia,THA,MMR,AUS,123,467,"January - December"
2005,Thailand,Myanmar,Canada,THA,MMR,CAN,253,848,"January - December"
2005,Thailand,Myanmar,Finland,THA,MMR,FIN,163,477,"January - December"
2005,Thailand,Myanmar,"Netherlands (Kingdom of the)",THA,MMR,NLD,6,13,"January - December"
2005,Thailand,Myanmar,Norway,THA,MMR,NOR,128,571,"January - December"
2005,Thailand,Myanmar,Sweden,THA,MMR,SWE,126,551,"January - December"
2005,Thailand,Myanmar,"United States of America",THA,MMR,USA,1831,9989,"January - December"
2005,Thailand,"Viet Nam","United States of America",THA,VNM,USA,2,5,"January - December"
2005,Thailand,"Unknown ",Australia,THA,UNK,AUS,10,19,"January - December"
2005,Thailand,"Unknown ",Canada,THA,UNK,CAN,12,13,"January - December"
2005,Thailand,"Unknown ",Denmark,THA,UNK,DNK,5,5,"January - December"
2005,Thailand,"Unknown ",Finland,THA,UNK,FIN,8,18,"January - December"
2005,Thailand,"Unknown ",France,THA,UNK,FRA,2,2,"January - December"
2005,Thailand,"Unknown ","United Kingdom of Great Britain and Northern Ireland",THA,UNK,GBR,2,5,"January - December"
2005,Thailand,"Unknown ","Netherlands (Kingdom of the)",THA,UNK,NLD,6,7,"January - December"
2005,Thailand,"Unknown ",Norway,THA,UNK,NOR,19,38,"January - December"
2005,Thailand,"Unknown ","New Zealand",THA,UNK,NZL,58,171,"January - December"
2005,Thailand,"Unknown ",Sweden,THA,UNK,SWE,25,29,"January - December"
2005,Thailand,"Unknown ","United States of America",THA,UNK,USA,57,105,"January - December"
2006,Thailand,"Dem. Rep. of the Congo",Canada,THA,COD,CAN,6,16,"January - December"
2006,Thailand,"Dem. Rep. of the Congo","New Zealand",THA,COD,NZL,4,7,"January - December"
2006,Thailand,Iraq,"Netherlands (Kingdom of the)",THA,IRQ,NLD,3,5,"January - December"
2006,Thailand,Myanmar,Australia,THA,MMR,AUS,668,2613,"January - December"
2006,Thailand,Myanmar,Canada,THA,MMR,CAN,570,1938,"January - December"
2006,Thailand,Myanmar,Finland,THA,MMR,FIN,138,427,"January - December"
2006,Thailand,Myanmar,"United Kingdom of Great Britain and Northern Ireland",THA,MMR,GBR,21,91,"January - December"
2006,Thailand,Myanmar,"Netherlands (Kingdom of the)",THA,MMR,NLD,89,264,"January - December"
2006,Thailand,Myanmar,Norway,THA,MMR,NOR,112,469,"January - December"
2006,Thailand,Myanmar,"New Zealand",THA,MMR,NZL,66,331,"January - December"
2006,Thailand,Myanmar,Sweden,THA,MMR,SWE,45,204,"January - December"
2006,Thailand,Myanmar,"United States of America",THA,MMR,USA,3087,12993,"January - December"
2006,Thailand,"Viet Nam","New Zealand",THA,VNM,NZL,1,7,"January - December"
2006,Thailand,"Viet Nam",Sweden,THA,VNM,SWE,2,8,"January - December"
2006,Thailand,"Unknown ",Australia,THA,UNK,AUS,40,142,"January - December"
2006,Thailand,"Unknown ",Belgium,THA,UNK,BEL,2,5,"January - December"
2006,Thailand,"Unknown ",Canada,THA,UNK,CAN,14,23,"January - December"
2006,Thailand,"Unknown ",Denmark,THA,UNK,DNK,4,4,"January - December"
2006,Thailand,"Unknown ",Finland,THA,UNK,FIN,27,44,"January - December"
2006,Thailand,"Unknown ","Netherlands (Kingdom of the)",THA,UNK,NLD,22,44,"January - December"
2006,Thailand,"Unknown ",Norway,THA,UNK,NOR,40,86,"January - December"
2006,Thailand,"Unknown ","New Zealand",THA,UNK,NZL,12,21,"January - December"
2006,Thailand,"Unknown ",Sweden,THA,UNK,SWE,15,18,"January - December"
2006,Thailand,"Unknown ","United States of America",THA,UNK,USA,66,140,"January - December"
2007,Thailand,"Dem. Rep. of the Congo",Canada,THA,COD,CAN,9,13,"January - December"
2007,Thailand,"Dem. Rep. of the Congo",Finland,THA,COD,FIN,1,5,"January - December"
2007,Thailand,"State of Palestine","Netherlands (Kingdom of the)",THA,PSE,NLD,3,11,"January - December"
2007,Thailand,Iraq,Australia,THA,IRQ,AUS,5,9,"January - December"
2007,Thailand,"Sri Lanka",Australia,THA,LKA,AUS,4,5,"January - December"
2007,Thailand,"Sri Lanka",Canada,THA,LKA,CAN,7,14,"January - December"
2007,Thailand,"Sri Lanka",Finland,THA,LKA,FIN,12,16,"January - December"
2007,Thailand,"Sri Lanka","Netherlands (Kingdom of the)",THA,LKA,NLD,11,11,"January - December"
2007,Thailand,"Sri Lanka",Norway,THA,LKA,NOR,39,56,"January - December"
2007,Thailand,"Sri Lanka","New Zealand",THA,LKA,NZL,2,7,"January - December"
2007,Thailand,"Sri Lanka",Sweden,THA,LKA,SWE,11,14,"January - December"
2007,Thailand,"Sri Lanka","United States of America",THA,LKA,USA,4,7,"January - December"
2007,Thailand,Myanmar,Australia,THA,MMR,AUS,702,2690,"January - December"
2007,Thailand,Myanmar,Canada,THA,MMR,CAN,400,1106,"January - December"
2007,Thailand,Myanmar,Finland,THA,MMR,FIN,75,398,"January - December"
2007,Thailand,Myanmar,"United Kingdom of Great Britain and Northern Ireland",THA,MMR,GBR,68,219,"January - December"
2007,Thailand,Myanmar,Ireland,THA,MMR,IRL,20,102,"January - December"
2007,Thailand,Myanmar,"Netherlands (Kingdom of the)",THA,MMR,NLD,25,101,"January - December"
2007,Thailand,Myanmar,Norway,THA,MMR,NOR,38,146,"January - December"
2007,Thailand,Myanmar,"New Zealand",THA,MMR,NZL,6,30,"January - December"
2007,Thailand,Myanmar,Sweden,THA,MMR,SWE,53,211,"January - December"
2007,Thailand,Myanmar,"United States of America",THA,MMR,USA,7166,24689,"January - December"
2007,Thailand,Somalia,Sweden,THA,SOM,SWE,5,5,"January - December"
2007,Thailand,"Unknown ",Australia,THA,UNK,AUS,26,88,"January - December"
2007,Thailand,"Unknown ",Belgium,THA,UNK,BEL,1,1,"January - December"
2007,Thailand,"Unknown ",Canada,THA,UNK,CAN,12,40,"January - December"
2007,Thailand,"Unknown ",Denmark,THA,UNK,DNK,3,6,"January - December"
2007,Thailand,"Unknown ",Finland,THA,UNK,FIN,23,36,"January - December"
2007,Thailand,"Unknown ","United Kingdom of Great Britain and Northern Ireland",THA,UNK,GBR,1,2,"January - December"
2007,Thailand,"Unknown ","Netherlands (Kingdom of the)",THA,UNK,NLD,14,42,"January - December"
2007,Thailand,"Unknown ",Norway,THA,UNK,NOR,8,14,"January - December"
2007,Thailand,"Unknown ","New Zealand",THA,UNK,NZL,3,12,"January - December"
2007,Thailand,"Unknown ",Sweden,THA,UNK,SWE,13,17,"January - December"
2007,Thailand,"Unknown ","United States of America",THA,UNK,USA,85,229,"January - December"
2008,Thailand,Burundi,Finland,THA,BDI,FIN,0,5,"January - December"
2008,Thailand,China,Canada,THA,CHN,CAN,15,22,"January - December"
2008,Thailand,China,"Netherlands (Kingdom of the)",THA,CHN,NLD,6,9,"January - December"
2008,Thailand,China,Norway,THA,CHN,NOR,1,5,"January - December"
2008,Thailand,China,"New Zealand",THA,CHN,NZL,4,5,"January - December"
2008,Thailand,China,"United States of America",THA,CHN,USA,49,84,"January - December"
2008,Thailand,"Dem. Rep. of the Congo",Canada,THA,COD,CAN,3,9,"January - December"
2008,Thailand,"State of Palestine","New Zealand",THA,PSE,NZL,6,20,"January - December"
2008,Thailand,Iraq,Canada,THA,IRQ,CAN,3,10,"January - December"
2008,Thailand,Iraq,"United States of America",THA,IRQ,USA,12,16,"January - December"
2008,Thailand,"Sri Lanka",Canada,THA,LKA,CAN,35,55,"January - December"
2008,Thailand,"Sri Lanka",Finland,THA,LKA,FIN,7,11,"January - December"
2008,Thailand,"Sri Lanka","United Kingdom of Great Britain and Northern Ireland",THA,LKA,GBR,3,8,"January - December"
2008,Thailand,"Sri Lanka","Netherlands (Kingdom of the)",THA,LKA,NLD,10,21,"January - December"
2008,Thailand,"Sri Lanka",Norway,THA,LKA,NOR,5,11,"January - December"
2008,Thailand,"Sri Lanka",Sweden,THA,LKA,SWE,9,17,"January - December"
2008,Thailand,"Sri Lanka","United States of America",THA,LKA,USA,16,26,"January - December"
2008,Thailand,Myanmar,Australia,THA,MMR,AUS,543,1791,"January - December"
2008,Thailand,Myanmar,Canada,THA,MMR,CAN,139,485,"January - December"
2008,Thailand,Myanmar,Finland,THA,MMR,FIN,50,191,"January - December"
2008,Thailand,Myanmar,"Netherlands (Kingdom of the)",THA,MMR,NLD,22,111,"January - December"
2008,Thailand,Myanmar,Norway,THA,MMR,NOR,85,314,"January - December"
2008,Thailand,Myanmar,"New Zealand",THA,MMR,NZL,8,28,"January - December"
2008,Thailand,Myanmar,Sweden,THA,MMR,SWE,40,193,"January - December"
2008,Thailand,Myanmar,"United States of America",THA,MMR,USA,4735,17249,"January - December"
2008,Thailand,"Unknown ",Australia,THA,UNK,AUS,6,13,"January - December"
2008,Thailand,"Unknown ",Canada,THA,UNK,CAN,15,30,"January - December"
2008,Thailand,"Unknown ",Finland,THA,UNK,FIN,9,13,"January - December"
2008,Thailand,"Unknown ",France,THA,UNK,FRA,1,1,"January - December"
2008,Thailand,"Unknown ","United Kingdom of Great Britain and Northern Ireland",THA,UNK,GBR,2,4,"January - December"
2008,Thailand,"Unknown ","Netherlands (Kingdom of the)",THA,UNK,NLD,10,23,"January - December"
2008,Thailand,"Unknown ",Norway,THA,UNK,NOR,2,8,"January - December"
2008,Thailand,"Unknown ","New Zealand",THA,UNK,NZL,1,1,"January - December"
2008,Thailand,"Unknown ",Sweden,THA,UNK,SWE,4,4,"January - December"
2008,Thailand,"Unknown ","United States of America",THA,UNK,USA,25,50,"January - December"
2009,Thailand,"State of Palestine","Netherlands (Kingdom of the)",THA,PSE,NLD,1,5,"January - December"
2009,Thailand,Iraq,"Netherlands (Kingdom of the)",THA,IRQ,NLD,3,9,"January - December"
2009,Thailand,Iraq,"United States of America",THA,IRQ,USA,29,38,"January - December"
2009,Thailand,"Sri Lanka",Canada,THA,LKA,CAN,13,21,"January - December"
2009,Thailand,"Sri Lanka",Finland,THA,LKA,FIN,7,22,"January - December"
2009,Thailand,"Sri Lanka","Netherlands (Kingdom of the)",THA,LKA,NLD,10,19,"January - December"
2009,Thailand,"Sri Lanka","United States of America",THA,LKA,USA,91,139,"January - December"
2009,Thailand,Myanmar,Australia,THA,MMR,AUS,213,859,"January - December"
2009,Thailand,Myanmar,Canada,THA,MMR,CAN,7,34,"January - December"
2009,Thailand,Myanmar,Finland,THA,MMR,FIN,38,156,"January - December"
2009,Thailand,Myanmar,Japan,THA,MMR,JPN,13,62,"January - December"
2009,Thailand,Myanmar,Norway,THA,MMR,NOR,28,110,"January - December"
2009,Thailand,Myanmar,"New Zealand",THA,MMR,NZL,13,29,"January - December"
2009,Thailand,Myanmar,Sweden,THA,MMR,SWE,27,106,"January - December"
2009,Thailand,Myanmar,"United States of America",THA,MMR,USA,5091,18071,"January - December"
2009,Thailand,Somalia,"United States of America",THA,SOM,USA,10,22,"January - December"
2009,Thailand,"Unknown ",Australia,THA,UNK,AUS,0,1,"January - December"
2009,Thailand,"Unknown ",Canada,THA,UNK,CAN,6,12,"January - December"
2009,Thailand,"Unknown ",Finland,THA,UNK,FIN,5,5,"January - December"
2009,Thailand,"Unknown ","United Kingdom of Great Britain and Northern Ireland",THA,UNK,GBR,1,1,"January - December"
2009,Thailand,"Unknown ",Ireland,THA,UNK,IRL,1,3,"January - December"
2009,Thailand,"Unknown ","Netherlands (Kingdom of the)",THA,UNK,NLD,42,109,"January - December"
2009,Thailand,"Unknown ",Sweden,THA,UNK,SWE,6,7,"January - December"
2009,Thailand,"Unknown ",Switzerland,THA,UNK,CHE,1,1,"January - December"
2009,Thailand,"Unknown ","United States of America",THA,UNK,USA,24,38,"January - December"
2010,Thailand,"State of Palestine","Netherlands (Kingdom of the)",THA,PSE,NLD,5,10,"January - December"
2010,Thailand,Iraq,"United States of America",THA,IRQ,USA,10,25,"January - December"
2010,Thailand,"Sri Lanka","Netherlands (Kingdom of the)",THA,LKA,NLD,19,45,"January - December"
2010,Thailand,"Sri Lanka","United States of America",THA,LKA,USA,38,69,"January - December"
2010,Thailand,Myanmar,Australia,THA,MMR,AUS,282,943,"January - December"
2010,Thailand,Myanmar,Canada,THA,MMR,CAN,4,19,"January - December"
2010,Thailand,Myanmar,Czechia,THA,MMR,CZE,7,27,"January - December"
2010,Thailand,Myanmar,Finland,THA,MMR,FIN,43,146,"January - December"
2010,Thailand,Myanmar,Japan,THA,MMR,JPN,7,35,"January - December"
2010,Thailand,Myanmar,"Netherlands (Kingdom of the)",THA,MMR,NLD,22,76,"January - December"
2010,Thailand,Myanmar,"New Zealand",THA,MMR,NZL,77,224,"January - December"
2010,Thailand,Myanmar,Sweden,THA,MMR,SWE,13,50,"January - December"
2010,Thailand,Myanmar,"United States of America",THA,MMR,USA,2968,9620,"January - December"
2010,Thailand,Somalia,"Netherlands (Kingdom of the)",THA,SOM,NLD,3,5,"January - December"
2010,Thailand,Somalia,"United States of America",THA,SOM,USA,20,30,"January - December"
2010,Thailand,"Unknown ",Australia,THA,UNK,AUS,4,28,"January - December"
2010,Thailand,"Unknown ",Canada,THA,UNK,CAN,5,8,"January - December"
2010,Thailand,"Unknown ",Denmark,THA,UNK,DNK,4,11,"January - December"
2010,Thailand,"Unknown ",Finland,THA,UNK,FIN,18,31,"January - December"
2010,Thailand,"Unknown ",France,THA,UNK,FRA,2,6,"January - December"
2010,Thailand,"Unknown ","United Kingdom of Great Britain and Northern Ireland",THA,UNK,GBR,1,3,"January - December"
2010,Thailand,"Unknown ","Netherlands (Kingdom of the)",THA,UNK,NLD,3,11,"January - December"
2010,Thailand,"Unknown ",Sweden,THA,UNK,SWE,4,9,"January - December"
2010,Thailand,"Unknown ","United States of America",THA,UNK,USA,50,171,"January - December"
2011,Thailand,Iraq,"United States of America",THA,IRQ,USA,7,7,"January - December"
2011,Thailand,"Sri Lanka",Canada,THA,LKA,CAN,1,5,"January - December"
2011,Thailand,"Sri Lanka",Finland,THA,LKA,FIN,16,31,"January - December"
2011,Thailand,"Sri Lanka","Netherlands (Kingdom of the)",THA,LKA,NLD,6,15,"January - December"
2011,Thailand,"Sri Lanka","New Zealand",THA,LKA,NZL,14,37,"January - December"
2011,Thailand,"Sri Lanka",Switzerland,THA,LKA,CHE,1,5,"January - December"
2011,Thailand,"Sri Lanka","United States of America",THA,LKA,USA,43,89,"January - December"
2011,Thailand,Myanmar,Australia,THA,MMR,AUS,185,580,"January - December"
2011,Thailand,Myanmar,Finland,THA,MMR,FIN,32,141,"January - December"
2011,Thailand,Myanmar,Japan,THA,MMR,JPN,7,31,"January - December"
2011,Thailand,Myanmar,"Netherlands (Kingdom of the)",THA,MMR,NLD,27,104,"January - December"
2011,Thailand,Myanmar,"New Zealand",THA,MMR,NZL,58,188,"January - December"
2011,Thailand,Myanmar,Sweden,THA,MMR,SWE,5,13,"January - December"
2011,Thailand,Myanmar,"United States of America",THA,MMR,USA,2204,6707,"January - December"
2011,Thailand,Pakistan,Finland,THA,PAK,FIN,1,5,"January - December"
2011,Thailand,Pakistan,"Netherlands (Kingdom of the)",THA,PAK,NLD,13,48,"January - December"
2011,Thailand,Pakistan,"United States of America",THA,PAK,USA,48,129,"January - December"
2011,Thailand,Somalia,"United States of America",THA,SOM,USA,27,32,"January - December"
2011,Thailand,"Unknown ",Australia,THA,UNK,AUS,1,4,"January - December"
2011,Thailand,"Unknown ",Canada,THA,UNK,CAN,3,7,"January - December"
2011,Thailand,"Unknown ",Czechia,THA,UNK,CZE,1,4,"January - December"
2011,Thailand,"Unknown ",Denmark,THA,UNK,DNK,1,1,"January - December"
2011,Thailand,"Unknown ",Finland,THA,UNK,FIN,5,8,"January - December"
2011,Thailand,"Unknown ",France,THA,UNK,FRA,1,1,"January - December"
2011,Thailand,"Unknown ","Netherlands (Kingdom of the)",THA,UNK,NLD,4,7,"January - December"
2011,Thailand,"Unknown ","New Zealand",THA,UNK,NZL,3,9,"January - December"
2011,Thailand,"Unknown ",Sweden,THA,UNK,SWE,10,20,"January - December"
2011,Thailand,"Unknown ","United States of America",THA,UNK,USA,44,88,"January - December"
2012,Thailand,"Dem. Rep. of the Congo","United States of America",THA,COD,USA,3,8,"January - December"
2012,Thailand,"Iran (Islamic Rep. of)","United States of America",THA,IRN,USA,7,9,"January - December"
2012,Thailand,Iraq,Australia,THA,IRQ,AUS,3,6,"January - December"
2012,Thailand,Iraq,"United States of America",THA,IRQ,USA,14,14,"January - December"
2012,Thailand,"Sri Lanka",Australia,THA,LKA,AUS,3,9,"January - December"
2012,Thailand,"Sri Lanka",Finland,THA,LKA,FIN,14,22,"January - December"
2012,Thailand,"Sri Lanka","United States of America",THA,LKA,USA,33,74,"January - December"
2012,Thailand,Myanmar,Australia,THA,MMR,AUS,131,408,"January - December"
2012,Thailand,Myanmar,Canada,THA,MMR,CAN,5,12,"January - December"
2012,Thailand,Myanmar,Finland,THA,MMR,FIN,35,155,"January - December"
2012,Thailand,Myanmar,Japan,THA,MMR,JPN,5,27,"January - December"
2012,Thailand,Myanmar,"Netherlands (Kingdom of the)",THA,MMR,NLD,12,60,"January - December"
2012,Thailand,Myanmar,"New Zealand",THA,MMR,NZL,1,6,"January - December"
2012,Thailand,Myanmar,"United States of America",THA,MMR,USA,2044,5863,"January - December"
2012,Thailand,Pakistan,Australia,THA,PAK,AUS,5,12,"January - December"
2012,Thailand,Pakistan,Canada,THA,PAK,CAN,6,10,"January - December"
2012,Thailand,Pakistan,Finland,THA,PAK,FIN,3,6,"January - December"
2012,Thailand,Pakistan,"Netherlands (Kingdom of the)",THA,PAK,NLD,12,33,"January - December"
2012,Thailand,Pakistan,"United States of America",THA,PAK,USA,59,160,"January - December"
2012,Thailand,Somalia,"United States of America",THA,SOM,USA,66,112,"January - December"
2012,Thailand,"Unknown ",Australia,THA,UNK,AUS,17,31,"January - December"
2012,Thailand,"Unknown ",Canada,THA,UNK,CAN,14,28,"January - December"
2012,Thailand,"Unknown ",Finland,THA,UNK,FIN,5,12,"January - December"
2012,Thailand,"Unknown ","Netherlands (Kingdom of the)",THA,UNK,NLD,12,20,"January - December"
2012,Thailand,"Unknown ",Norway,THA,UNK,NOR,4,8,"January - December"
2012,Thailand,"Unknown ","New Zealand",THA,UNK,NZL,7,22,"January - December"
2012,Thailand,"Unknown ",Portugal,THA,UNK,PRT,1,1,"January - December"
2012,Thailand,"Unknown ",Sweden,THA,UNK,SWE,6,18,"January - December"
2012,Thailand,"Unknown ","United States of America",THA,UNK,USA,69,140,"January - December"
2013,Thailand,"Dem. Rep. of the Congo",Australia,THA,COD,AUS,2,6,"January - December"
2013,Thailand,"Dem. Rep. of the Congo",France,THA,COD,FRA,1,7,"January - December"
2013,Thailand,"State of Palestine",Australia,THA,PSE,AUS,3,10,"January - December"
2013,Thailand,"State of Palestine",Canada,THA,PSE,CAN,7,7,"January - December"
2013,Thailand,"State of Palestine","Netherlands (Kingdom of the)",THA,PSE,NLD,15,44,"January - December"
2013,Thailand,"Iran (Islamic Rep. of)",Canada,THA,IRN,CAN,3,6,"January - December"
2013,Thailand,"Iran (Islamic Rep. of)","Netherlands (Kingdom of the)",THA,IRN,NLD,4,7,"January - December"
2013,Thailand,Iraq,"United States of America",THA,IRQ,USA,11,11,"January - December"
2013,Thailand,"Sri Lanka",Australia,THA,LKA,AUS,4,6,"January - December"
2013,Thailand,"Sri Lanka","Netherlands (Kingdom of the)",THA,LKA,NLD,4,12,"January - December"
2013,Thailand,"Sri Lanka","New Zealand",THA,LKA,NZL,20,51,"January - December"
2013,Thailand,"Sri Lanka",Switzerland,THA,LKA,CHE,1,5,"January - December"
2013,Thailand,"Sri Lanka","United States of America",THA,LKA,USA,14,30,"January - December"
2013,Thailand,Myanmar,Australia,THA,MMR,AUS,215,719,"January - December"
2013,Thailand,Myanmar,Canada,THA,MMR,CAN,73,283,"January - December"
2013,Thailand,Myanmar,Japan,THA,MMR,JPN,18,69,"January - December"
2013,Thailand,Myanmar,Norway,THA,MMR,NOR,2,11,"January - December"
2013,Thailand,Myanmar,"New Zealand",THA,MMR,NZL,41,138,"January - December"
2013,Thailand,Myanmar,"United States of America",THA,MMR,USA,2713,7564,"January - December"
2013,Thailand,Pakistan,Australia,THA,PAK,AUS,6,19,"January - December"
2013,Thailand,Pakistan,Canada,THA,PAK,CAN,5,10,"January - December"
2013,Thailand,Pakistan,"Netherlands (Kingdom of the)",THA,PAK,NLD,11,27,"January - December"
2013,Thailand,Pakistan,"United States of America",THA,PAK,USA,35,75,"January - December"
2013,Thailand,Somalia,"United States of America",THA,SOM,USA,15,18,"January - December"
2013,Thailand,Sudan,Australia,THA,SDN,AUS,5,8,"January - December"
2013,Thailand,"Syrian Arab Rep.","Netherlands (Kingdom of the)",THA,SYR,NLD,4,6,"January - December"
2013,Thailand,"Unknown ",Australia,THA,UNK,AUS,21,39,"January - December"
2013,Thailand,"Unknown ",Brazil,THA,UNK,BRA,1,1,"January - December"
2013,Thailand,"Unknown ",Canada,THA,UNK,CAN,14,28,"January - December"
2013,Thailand,"Unknown ",Denmark,THA,UNK,DNK,1,1,"January - December"
2013,Thailand,"Unknown ",Finland,THA,UNK,FIN,0,2,"January - December"
2013,Thailand,"Unknown ",France,THA,UNK,FRA,2,2,"January - December"
2013,Thailand,"Unknown ","United Kingdom of Great Britain and Northern Ireland",THA,UNK,GBR,4,7,"January - December"
2013,Thailand,"Unknown ","Netherlands (Kingdom of the)",THA,UNK,NLD,24,45,"January - December"
2013,Thailand,"Unknown ",Norway,THA,UNK,NOR,1,3,"January - December"
2013,Thailand,"Unknown ",Sweden,THA,UNK,SWE,2,7,"January - December"
2013,Thailand,"Unknown ","United States of America",THA,UNK,USA,77,145,"January - December"
2014,Thailand,"State of Palestine",Canada,THA,PSE,CAN,22,39,"January - December"
2014,Thailand,"State of Palestine","Netherlands (Kingdom of the)",THA,PSE,NLD,13,35,"January - December"
2014,Thailand,"State of Palestine","New Zealand",THA,PSE,NZL,4,14,"January - December"
2014,Thailand,"State of Palestine",Sweden,THA,PSE,SWE,13,20,"January - December"
2014,Thailand,"State of Palestine","United States of America",THA,PSE,USA,10,26,"January - December"
2014,Thailand,"Sri Lanka",Canada,THA,LKA,CAN,8,11,"January - December"
2014,Thailand,"Sri Lanka","Netherlands (Kingdom of the)",THA,LKA,NLD,6,15,"January - December"
2014,Thailand,"Sri Lanka","New Zealand",THA,LKA,NZL,8,19,"January - December"
2014,Thailand,"Sri Lanka","United States of America",THA,LKA,USA,12,29,"January - December"
2014,Thailand,Myanmar,Australia,THA,MMR,AUS,222,738,"January - December"
2014,Thailand,Myanmar,Canada,THA,MMR,CAN,153,587,"January - December"
2014,Thailand,Myanmar,"New Zealand",THA,MMR,NZL,44,186,"January - December"
2014,Thailand,Myanmar,"United States of America",THA,MMR,USA,783,2547,"January - December"
2014,Thailand,Pakistan,"Netherlands (Kingdom of the)",THA,PAK,NLD,4,15,"January - December"
2014,Thailand,Pakistan,"United States of America",THA,PAK,USA,3,13,"January - December"
2014,Thailand,Somalia,"New Zealand",THA,SOM,NZL,4,5,"January - December"
2014,Thailand,Somalia,"United States of America",THA,SOM,USA,18,23,"January - December"
2014,Thailand,"Syrian Arab Rep.",Canada,THA,SYR,CAN,10,12,"January - December"
2014,Thailand,"Syrian Arab Rep.","Netherlands (Kingdom of the)",THA,SYR,NLD,12,24,"January - December"
2014,Thailand,"Unknown ",Australia,THA,UNK,AUS,0,2,"January - December"
2014,Thailand,"Unknown ",Canada,THA,UNK,CAN,96,242,"January - December"
2014,Thailand,"Unknown ",Denmark,THA,UNK,DNK,1,3,"January - December"
2014,Thailand,"Unknown ",France,THA,UNK,FRA,10,18,"January - December"
2014,Thailand,"Unknown ",Japan,THA,UNK,JPN,0,2,"January - December"
2014,Thailand,"Unknown ","Netherlands (Kingdom of the)",THA,UNK,NLD,11,37,"January - December"
2014,Thailand,"Unknown ",Norway,THA,UNK,NOR,1,3,"January - December"
2014,Thailand,"Unknown ","New Zealand",THA,UNK,NZL,12,31,"January - December"
2014,Thailand,"Unknown ",Sweden,THA,UNK,SWE,1,1,"January - December"
2014,Thailand,"Unknown ","United States of America",THA,UNK,USA,49,103,"January - December"
2015,Thailand,"Dem. Rep. of the Congo",Australia,THA,COD,AUS,1,8,"January - December"
2015,Thailand,"Dem. Rep. of the Congo","United States of America",THA,COD,USA,4,9,"January - December"
2015,Thailand,"State of Palestine","Netherlands (Kingdom of the)",THA,PSE,NLD,19,57,"January - December"
2015,Thailand,"State of Palestine","New Zealand",THA,PSE,NZL,17,46,"January - December"
2015,Thailand,"State of Palestine",Sweden,THA,PSE,SWE,8,19,"January - December"
2015,Thailand,"State of Palestine","United States of America",THA,PSE,USA,7,13,"January - December"
2015,Thailand,"Iran (Islamic Rep. of)","United States of America",THA,IRN,USA,6,8,"January - December"
2015,Thailand,Iraq,"United States of America",THA,IRQ,USA,6,11,"January - December"
2015,Thailand,Myanmar,Australia,THA,MMR,AUS,198,713,"January - December"
2015,Thailand,Myanmar,Canada,THA,MMR,CAN,3,12,"January - December"
2015,Thailand,Myanmar,Denmark,THA,MMR,DNK,1,5,"January - December"
2015,Thailand,Myanmar,"Rep. of Korea",THA,MMR,KOR,7,38,"January - December"
2015,Thailand,Myanmar,"New Zealand",THA,MMR,NZL,53,217,"January - December"
2015,Thailand,Myanmar,"United States of America",THA,MMR,USA,930,2329,"January - December"
2015,Thailand,Pakistan,Canada,THA,PAK,CAN,19,49,"January - December"
2015,Thailand,Pakistan,"Netherlands (Kingdom of the)",THA,PAK,NLD,13,41,"January - December"
2015,Thailand,Pakistan,Sweden,THA,PAK,SWE,1,5,"January - December"
2015,Thailand,Pakistan,"United States of America",THA,PAK,USA,61,161,"January - December"
2015,Thailand,Somalia,"United States of America",THA,SOM,USA,18,21,"January - December"
2015,Thailand,"Syrian Arab Rep.",Australia,THA,SYR,AUS,3,5,"January - December"
2015,Thailand,"Syrian Arab Rep.","Netherlands (Kingdom of the)",THA,SYR,NLD,1,7,"January - December"
2015,Thailand,"Unknown ",Australia,THA,UNK,AUS,3,5,"January - December"
2015,Thailand,"Unknown ",Canada,THA,UNK,CAN,17,28,"January - December"
2015,Thailand,"Unknown ",Denmark,THA,UNK,DNK,1,2,"January - December"
2015,Thailand,"Unknown ",Finland,THA,UNK,FIN,1,1,"January - December"
2015,Thailand,"Unknown ",France,THA,UNK,FRA,1,1,"January - December"
2015,Thailand,"Unknown ","Netherlands (Kingdom of the)",THA,UNK,NLD,6,12,"January - December"
2015,Thailand,"Unknown ","New Zealand",THA,UNK,NZL,3,8,"January - December"
2015,Thailand,"Unknown ",Sweden,THA,UNK,SWE,2,6,"January - December"
2015,Thailand,"Unknown ",Switzerland,THA,UNK,CHE,1,3,"January - December"
2015,Thailand,"Unknown ","United States of America",THA,UNK,USA,69,134,"January - December"
2016,Thailand,Afghanistan,Australia,THA,AFG,AUS,4,8,"January - December"
2016,Thailand,"State of Palestine","New Zealand",THA,PSE,NZL,27,48,"January - December"
2016,Thailand,Iraq,Australia,THA,IRQ,AUS,6,11,"January - December"
2016,Thailand,Iraq,"United States of America",THA,IRQ,USA,5,14,"January - December"
2016,Thailand,Myanmar,Australia,THA,MMR,AUS,294,982,"January - December"
2016,Thailand,Myanmar,Canada,THA,MMR,CAN,3,16,"January - December"
2016,Thailand,Myanmar,"Rep. of Korea",THA,MMR,KOR,11,43,"January - December"
2016,Thailand,Myanmar,"New Zealand",THA,MMR,NZL,75,276,"January - December"
2016,Thailand,Myanmar,"United States of America",THA,MMR,USA,1091,3000,"January - December"
2016,Thailand,Pakistan,"New Zealand",THA,PAK,NZL,19,58,"January - December"
2016,Thailand,Pakistan,"United States of America",THA,PAK,USA,36,101,"January - December"
2016,Thailand,Somalia,"United States of America",THA,SOM,USA,17,25,"January - December"
2016,Thailand,"Syrian Arab Rep.",Australia,THA,SYR,AUS,7,14,"January - December"
2016,Thailand,"Syrian Arab Rep.",Sweden,THA,SYR,SWE,4,5,"January - December"
2016,Thailand,"Syrian Arab Rep.","United States of America",THA,SYR,USA,5,16,"January - December"
2016,Thailand,"Unknown ",Australia,THA,UNK,AUS,2,8,"January - December"
2016,Thailand,"Unknown ",Canada,THA,UNK,CAN,7,15,"January - December"
2016,Thailand,"Unknown ",Denmark,THA,UNK,DNK,0,1,"January - December"
2016,Thailand,"Unknown ","New Zealand",THA,UNK,NZL,10,15,"January - December"
2016,Thailand,"Unknown ",Sweden,THA,UNK,SWE,7,20,"January - December"
2016,Thailand,"Unknown ","United States of America",THA,UNK,USA,89,173,"January - December"
2017,Thailand,"State of Palestine",Australia,THA,PSE,AUS,3,7,"January - December"
2017,Thailand,"State of Palestine",Canada,THA,PSE,CAN,1,6,"January - December"
2017,Thailand,"State of Palestine","United States of America",THA,PSE,USA,10,16,"January - December"
2017,Thailand,Iraq,Australia,THA,IRQ,AUS,9,31,"January - December"
2017,Thailand,Iraq,Canada,THA,IRQ,CAN,2,9,"January - December"
2017,Thailand,Myanmar,Australia,THA,MMR,AUS,9,48,"January - December"
2017,Thailand,Myanmar,Canada,THA,MMR,CAN,16,66,"January - December"
2017,Thailand,Myanmar,"Rep. of Korea",THA,MMR,KOR,8,42,"January - December"
2017,Thailand,Myanmar,"New Zealand",THA,MMR,NZL,3,8,"January - December"
2017,Thailand,Myanmar,Sweden,THA,MMR,SWE,1,5,"January - December"
2017,Thailand,Myanmar,"United States of America",THA,MMR,USA,1122,2062,"January - December"
2017,Thailand,Pakistan,Canada,THA,PAK,CAN,4,15,"January - December"
2017,Thailand,Pakistan,"United States of America",THA,PAK,USA,50,168,"January - December"
2017,Thailand,Somalia,"United States of America",THA,SOM,USA,6,7,"January - December"
2017,Thailand,Sudan,Canada,THA,SDN,CAN,4,11,"January - December"
2017,Thailand,"Syrian Arab Rep.",Australia,THA,SYR,AUS,8,20,"January - December"
2017,Thailand,"Unknown ",Australia,THA,UNK,AUS,40,61,"January - December"
2017,Thailand,"Unknown ",Canada,THA,UNK,CAN,18,20,"January - December"
2017,Thailand,"Unknown ","United Kingdom of Great Britain and Northern Ireland",THA,UNK,GBR,8,9,"January - December"
2017,Thailand,"Unknown ",Norway,THA,UNK,NOR,1,5,"January - December"
2017,Thailand,"Unknown ","United States of America",THA,UNK,USA,21,68,"January - December"
2018,Thailand,"State of Palestine",Canada,THA,PSE,CAN,12,20,"January - December"
2018,Thailand,"State of Palestine","New Zealand",THA,PSE,NZL,25,70,"January - December"
2018,Thailand,Iraq,Canada,THA,IRQ,CAN,6,20,"January - December"
2018,Thailand,Myanmar,Australia,THA,MMR,AUS,27,107,"January - December"
2018,Thailand,Myanmar,Canada,THA,MMR,CAN,20,95,"January - December"
2018,Thailand,Myanmar,"New Zealand",THA,MMR,NZL,17,70,"January - December"
2018,Thailand,Myanmar,"United States of America",THA,MMR,USA,67,405,"January - December"
2018,Thailand,Pakistan,Canada,THA,PAK,CAN,12,30,"January - December"
2018,Thailand,Pakistan,"New Zealand",THA,PAK,NZL,22,90,"January - December"
2018,Thailand,Pakistan,"United States of America",THA,PAK,USA,13,40,"January - December"
2018,Thailand,Somalia,Canada,THA,SOM,CAN,9,16,"January - December"
2018,Thailand,"Unknown ",Australia,THA,UNK,AUS,2,6,"January - December"
2018,Thailand,"Unknown ",Canada,THA,UNK,CAN,11,23,"January - December"
2018,Thailand,"Unknown ",Finland,THA,UNK,FIN,1,2,"January - December"
2018,Thailand,"Unknown ","New Zealand",THA,UNK,NZL,6,21,"January - December"
2018,Thailand,"Unknown ",Sweden,THA,UNK,SWE,5,9,"January - December"
2018,Thailand,"Unknown ","United States of America",THA,UNK,USA,4,22,"January - December"
2019,Thailand,"State of Palestine",Canada,THA,PSE,CAN,8,22,"January - December"
2019,Thailand,Myanmar,Australia,THA,MMR,AUS,11,40,"January - December"
2019,Thailand,Myanmar,Canada,THA,MMR,CAN,9,36,"January - December"
2019,Thailand,Myanmar,Norway,THA,MMR,NOR,2,6,"January - December"
2019,Thailand,Myanmar,"United States of America",THA,MMR,USA,39,363,"January - December"
2019,Thailand,Pakistan,Australia,THA,PAK,AUS,21,49,"January - December"
2019,Thailand,Pakistan,Canada,THA,PAK,CAN,7,26,"January - December"
2019,Thailand,Pakistan,"United Kingdom of Great Britain and Northern Ireland",THA,PAK,GBR,9,23,"January - December"
2019,Thailand,Pakistan,"United States of America",THA,PAK,USA,37,91,"January - December"
2019,Thailand,Somalia,Canada,THA,SOM,CAN,10,20,"January - December"
2019,Thailand,"Unknown ",Australia,THA,UNK,AUS,16,28,"January - December"
2019,Thailand,"Unknown ",Canada,THA,UNK,CAN,14,29,"January - December"
2019,Thailand,"Unknown ","United Kingdom of Great Britain and Northern Ireland",THA,UNK,GBR,2,2,"January - December"
2019,Thailand,"Unknown ","New Zealand",THA,UNK,NZL,2,4,"January - December"
2019,Thailand,"Unknown ",Sweden,THA,UNK,SWE,2,3,"January - December"
2019,Thailand,"Unknown ","United States of America",THA,UNK,USA,15,38,"January - December"
2020,Thailand,Myanmar,Australia,THA,MMR,AUS,13,56,"January - December"
2020,Thailand,Myanmar,Canada,THA,MMR,CAN,3,17,"January - December"
2020,Thailand,Myanmar,"United Kingdom of Great Britain and Northern Ireland",THA,MMR,GBR,7,8,"January - December"
2020,Thailand,Myanmar,"United States of America",THA,MMR,USA,3,60,"January - December"
2020,Thailand,Pakistan,"United Kingdom of Great Britain and Northern Ireland",THA,PAK,GBR,10,22,"January - December"
2020,Thailand,Somalia,Canada,THA,SOM,CAN,9,11,"January - December"
2020,Thailand,"Unknown ",Australia,THA,UNK,AUS,35,74,"January - December"
2020,Thailand,"Unknown ",Canada,THA,UNK,CAN,31,98,"January - December"
2020,Thailand,"Unknown ","United Kingdom of Great Britain and Northern Ireland",THA,UNK,GBR,4,5,"January - December"
2020,Thailand,"Unknown ","New Zealand",THA,UNK,NZL,2,3,"January - December"
2020,Thailand,"Unknown ",Sweden,THA,UNK,SWE,1,1,"January - December"
2020,Thailand,"Unknown ","United States of America",THA,UNK,USA,1,2,"January - December"
2021,Thailand,Afghanistan,Australia,THA,AFG,AUS,18,59,"January - December"
2021,Thailand,Iraq,Australia,THA,IRQ,AUS,3,7,"January - December"
2021,Thailand,Myanmar,Canada,THA,MMR,CAN,23,41,"January - December"
2021,Thailand,Myanmar,"New Zealand",THA,MMR,NZL,3,10,"January - December"
2021,Thailand,Myanmar,"United States of America",THA,MMR,USA,51,123,"January - December"
2021,Thailand,Pakistan,Australia,THA,PAK,AUS,14,54,"January - December"
2021,Thailand,"Syrian Arab Rep.",Australia,THA,SYR,AUS,2,9,"January - December"
2021,Thailand,"Unknown ",Australia,THA,UNK,AUS,14,25,"January - December"
2021,Thailand,"Unknown ",Canada,THA,UNK,CAN,29,69,"January - December"
2021,Thailand,"Unknown ",Finland,THA,UNK,FIN,1,4,"January - December"
2021,Thailand,"Unknown ","Netherlands (Kingdom of the)",THA,UNK,NLD,1,3,"January - December"
2021,Thailand,"Unknown ",Norway,THA,UNK,NOR,1,3,"January - December"
2021,Thailand,"Unknown ",Sweden,THA,UNK,SWE,1,4,"January - December"
2021,Thailand,"Unknown ","United States of America",THA,UNK,USA,22,61,"January - December"
2022,Thailand,Afghanistan,Canada,THA,AFG,CAN,3,8,"January - December"
2022,Thailand,Afghanistan,"United States of America",THA,AFG,USA,16,60,"January - December"
2022,Thailand,"Iran (Islamic Rep. of)","United States of America",THA,IRN,USA,2,7,"January - December"
2022,Thailand,Myanmar,Australia,THA,MMR,AUS,14,20,"January - December"
2022,Thailand,Myanmar,Canada,THA,MMR,CAN,1,9,"January - December"
2022,Thailand,Myanmar,"New Zealand",THA,MMR,NZL,5,9,"January - December"
2022,Thailand,Myanmar,"United States of America",THA,MMR,USA,82,261,"January - December"
2022,Thailand,Pakistan,Australia,THA,PAK,AUS,9,28,"January - December"
2022,Thailand,Pakistan,Canada,THA,PAK,CAN,2,9,"January - December"
2022,Thailand,Pakistan,"New Zealand",THA,PAK,NZL,2,8,"January - December"
2022,Thailand,Pakistan,"United States of America",THA,PAK,USA,31,145,"January - December"
2022,Thailand,Somalia,Australia,THA,SOM,AUS,3,12,"January - December"
2022,Thailand,Somalia,"United States of America",THA,SOM,USA,5,8,"January - December"
2022,Thailand,"Unknown ",Australia,THA,UNK,AUS,12,37,"January - December"
2022,Thailand,"Unknown ",Canada,THA,UNK,CAN,8,24,"January - December"
2022,Thailand,"Unknown ","United Kingdom of Great Britain and Northern Ireland",THA,UNK,GBR,0,1,"January - December"
2022,Thailand,"Unknown ","New Zealand",THA,UNK,NZL,10,38,"January - December"
2022,Thailand,"Unknown ",Sweden,THA,UNK,SWE,1,1,"January - December"
2022,Thailand,"Unknown ","United States of America",THA,UNK,USA,50,175,"January - December"
2023,Thailand,Myanmar,Australia,THA,MMR,AUS,104,355,"January - December"
2023,Thailand,Myanmar,Canada,THA,MMR,CAN,10,22,"January - December"
2023,Thailand,Myanmar,"New Zealand",THA,MMR,NZL,1,5,"January - December"
2023,Thailand,Myanmar,"United States of America",THA,MMR,USA,1063,4277,"January - December"
2023,Thailand,Pakistan,Australia,THA,PAK,AUS,13,54,"January - December"
2023,Thailand,Pakistan,Canada,THA,PAK,CAN,5,11,"January - December"
2023,Thailand,Pakistan,"United States of America",THA,PAK,USA,5,25,"January - December"
2023,Thailand,"Syrian Arab Rep.",Australia,THA,SYR,AUS,4,21,"January - December"
2023,Thailand,"Unknown ",Australia,THA,UNK,AUS,95,193,"January - December"
2023,Thailand,"Unknown ",Canada,THA,UNK,CAN,15,42,"January - December"
2023,Thailand,"Unknown ",Finland,THA,UNK,FIN,1,1,"January - December"
2023,Thailand,"Unknown ","United States of America",THA,UNK,USA,58,159,"January - December"
2024,Thailand,Myanmar,Australia,THA,MMR,AUS,128,486,"January - December"
2024,Thailand,Myanmar,Canada,THA,MMR,CAN,50,59,"January - December"
2024,Thailand,Myanmar,"Rep. of Korea",THA,MMR,KOR,10,38,"January - December"
2024,Thailand,Myanmar,Norway,THA,MMR,NOR,1,5,"January - December"
2024,Thailand,Myanmar,"United States of America",THA,MMR,USA,2754,9838,"January - December"
2024,Thailand,Pakistan,Australia,THA,PAK,AUS,23,82,"January - December"
2024,Thailand,Pakistan,Canada,THA,PAK,CAN,5,15,"January - December"
2024,Thailand,Pakistan,"United States of America",THA,PAK,USA,15,50,"January - December"
2024,Thailand,"Unknown ",Australia,THA,UNK,AUS,12,32,"January - December"
2024,Thailand,"Unknown ",Canada,THA,UNK,CAN,11,28,"January - December"
2024,Thailand,"Unknown ","United States of America",THA,UNK,USA,39,113,"January - December"
2025,Thailand,Afghanistan,Australia,THA,AFG,AUS,3,15,"January - December"
2025,Thailand,"Iran (Islamic Rep. of)",Australia,THA,IRN,AUS,1,5,"January - December"
2025,Thailand,Iraq,Canada,THA,IRQ,CAN,2,9,"January - December"
2025,Thailand,Myanmar,Australia,THA,MMR,AUS,148,449,"January - December"
2025,Thailand,Myanmar,Canada,THA,MMR,CAN,102,126,"January - December"
2025,Thailand,Myanmar,Japan,THA,MMR,JPN,22,60,"January - December"
2025,Thailand,Myanmar,"Rep. of Korea",THA,MMR,KOR,29,100,"January - December"
2025,Thailand,Myanmar,"New Zealand",THA,MMR,NZL,84,287,"January - December"
2025,Thailand,Myanmar,"United States of America",THA,MMR,USA,732,1973,"January - December"
2025,Thailand,"Unknown ",Australia,THA,UNK,AUS,43,131,"January - December"
2025,Thailand,"Unknown ",Canada,THA,UNK,CAN,26,51,"January - December"
2025,Thailand,"Unknown ","New Zealand",THA,UNK,NZL,6,27,"January - December"
2026,Thailand,Myanmar,Australia,THA,MMR,AUS,41,143,"January - April"
2026,Thailand,Myanmar,Canada,THA,MMR,CAN,7,11,"January - April"
2026,Thailand,Myanmar,"New Zealand",THA,MMR,NZL,17,48,"January - April"
2026,Thailand,"Unknown ",Australia,THA,UNK,AUS,11,32,"January - April"
2026,Thailand,"Unknown ",Canada,THA,UNK,CAN,6,16,"January - April"
2026,Thailand,"Unknown ","New Zealand",THA,UNK,NZL,5,13,"January - April"
